<?xml version="1.0" encoding="utf-8"?>
<!DOCTYPE article PUBLIC "-//NLM//DTD JATS (Z39.96) Journal Archiving
and Interchange DTD v1.2 20190208//EN" "JATS-archivearticle1.dtd">
<article xmlns:mml="http://www.w3.org/1998/Math/MathML" xmlns:xlink="http://www.w3.org/1999/xlink" dtd-version="1.2" article-type="other">
  <front>
    <article-meta>
      <title-group>
        <article-title>Ideology as driver of purpose for technology: a case for
GenAI</article-title>
      </title-group>
      <contrib-group>
        <contrib contrib-type="author" corresp="yes">
          <name>
            <surname>Deventer</surname>
            <given-names>Frederik J</given-names>
          </name>
          <string-name>Frederik J van Deventer</string-name>
          <role vocab="https://credit.niso.org" vocab-term="writing – original draft" vocab-term-identifier="https://credit.niso.org/contributor-roles/writing-original-draft/">writing</role>
          <xref ref-type="aff" rid="aff-1">a</xref>
          <xref ref-type="corresp" rid="cor-1">*</xref>
        </contrib>
      </contrib-group>
      <aff id="aff-1">
        <institution-wrap>
          <institution>HAN University of Applied Sciences</institution>
        </institution-wrap>
      </aff>
      <author-notes>
        <corresp id="cor-1"/>
      </author-notes>
      <history/>
      <kwd-group kwd-group-type="author">
        <kwd>genAI, lived realities, privacy</kwd>
      </kwd-group>
    </article-meta>
  </front>
  <body>
    <sec id="introduction">
      <title>Introduction</title>
      <p>Technological advances that herald and drive societal changes over
  the last 12,000 years have only benefited ordinary people when
  “landowning and religious elites were not dominant enough to impose
  their vision and extract all the surplus from the technologies”
  (<xref alt="Johnson and Acemoglu 2023, 78" rid="ref-johnsonPowerProgressOur2023" ref-type="bibr">Johnson
  and Acemoglu 2023, 78</xref>).</p>
      <p>We are again on the precipice of a big transformation for our
  society with the wide adoption of Artificial Intelligence in all kinds
  of sectors and embedded in all kinds of software. Generative
  Artificial Intelligence (genAI), a specific form of Artificial
  Intelligence harnessing the power of Large Language Models to
  <italic>generate</italic> new output based on vast and widely
  generalized data sources, is rapidly transforming our lives. Ranging
  from reshaping how we work
  (<xref alt="Joshi 2025" rid="ref-joshi2025transformative" ref-type="bibr">Joshi
  2025</xref>) and how we learn
  (<xref alt="Perifanou and Economides 2025" rid="ref-perifanouCollaborativeUsesGenAI2025" ref-type="bibr">Perifanou
  and Economides 2025</xref>), to changing criminal behaviour
  (<xref alt="Ferrara 2024" rid="ref-ferraraGenAIHumanityNefarious2024" ref-type="bibr">Ferrara
  2024</xref>) and even influencing democratization
  (<xref alt="Cupać, Schopmans, and Tuncer-Ebetürk 2024" rid="ref-cupacDemocratizationAgeArtificial2024" ref-type="bibr">Cupać,
  Schopmans, and Tuncer-Ebetürk 2024</xref>).</p>
      <p>Life in the age of genAI however, comes at a tremendous physical
  cost for our planet
  (<xref alt="Crawford 2021" rid="ref-crawford2021atlas" ref-type="bibr">Crawford
  2021</xref>). The physical extraction of metals (e.g. lithium, coltan)
  for chips to enable the machines to run the models
  (<xref alt="Yang et al. 2024" rid="ref-yangLithiumPollutionIts2024" ref-type="bibr">Yang
  et al. 2024</xref>), the power consumption to drive the machines and
  then again for cooling Hotkar
  (<xref alt="2025" rid="ref-hotkarWhyCoolingCosts2025" ref-type="bibr">2025</xref>)
  is outgrowing the planned construction of the power grid at a
  breakneck speed
  (<xref alt="Lin et al. 2024" rid="ref-linExplodingAIPower2024" ref-type="bibr">Lin
  et al. 2024</xref>), outpacing policy and lawmakers.</p>
      <p>As with all transformative technologies there is firstly a real
  opportunity, in the increased productivity and the access to tools.
  Secondly a real threat, in the form of misinformation, criminal
  activity,
  (<xref alt="Ferrara 2024" rid="ref-ferraraGenAIHumanityNefarious2024" ref-type="bibr">Ferrara
  2024</xref>) and the undermining of autonomy
  (<xref alt="Cupać, Schopmans, and Tuncer-Ebetürk 2024" rid="ref-cupacDemocratizationAgeArtificial2024" ref-type="bibr">Cupać,
  Schopmans, and Tuncer-Ebetürk 2024</xref>). Thirdly a challenge for
  the use of resources and electricity that needs new solutions at
  scale.</p>
      <p>Technology is not just a neutral phenomenon with inherently
  positive outcomes and there is a great need for finding solutions that
  benefit us all.</p>
      <sec id="gap">
        <title>Gap</title>
        <p>We do not know how AI will reshape the future of our human
    development, but there are some guesses we can make and historical
    lessons we can take into account. In all the major jumps in
    technological advancement that brought about societal change: steam
    engine, electricity, communications, digital communication and now
    the more broadly available statistical models that “converse” with
    us through chat like ChatGPT, we have seen that regulation and
    policy fueled by ideology (both benefiting the few or the many) has
    been the driver for the direction this advancement would take us
    (<xref alt="Johnson and Acemoglu 2023, 57" rid="ref-johnsonPowerProgressOur2023" ref-type="bibr">Johnson
    and Acemoglu 2023, 57</xref>).</p>
        <p>In the course of history human development has been argued to
    increase where agency and liberty increase
    (<xref alt="Prados de la Escosura 2022" rid="ref-PradosdelaEscosura_2022" ref-type="bibr">Prados
    de la Escosura 2022</xref>;
    <xref alt="Sen 1999" rid="ref-senDevelopmentFreedom1999" ref-type="bibr">Sen
    1999</xref>). Much of the research regarding AI has been focussing
    on improving models [], effects for legislation [], impact on
    education [], but not increasing agency and freedom which the UNDP
    describes as indicative of improving human development
    (<xref alt="UNDP 2025" rid="ref-undpHumanDevelopmentReport2025" ref-type="bibr">UNDP
    2025</xref>).</p>
        <p>What is lacking then from scientific discourse is a systematic
    analysis of cases where GenAI (or AI in general) has had a positive
    impact on agency and human freedom to distill which factors are
    crucial for bringing about such change.</p>
      </sec>
      <sec id="hook">
        <title>Hook</title>
        <p>We need to figure a way out of what Brynjolfsson
    (<xref alt="2022" rid="ref-brynjolfssonTuringTrapPromise2022" ref-type="bibr">2022</xref>)
    calls the “Turing Trap” where technological and economic power
    create a concentration of political power and find solutions,
    patterns, systems, beyond policy where the benefits of
    transformational technology like GenAI are available to
    everyone.</p>
      </sec>
    </sec>
    <sec id="research-questions">
      <title>Research Questions</title>
      <list list-type="bullet">
        <list-item>
          <p>What lessons can we draw from existing of pattterns using GenAI
      that enable meaningfully increased human agency?</p>
        </list-item>
      </list>
    </sec>
    <sec id="sub-questions">
      <title>Sub questions</title>
      <list list-type="bullet">
        <list-item>
          <p>How do we measure increased human agency and liberty?
      (<xref alt="Prados de la Escosura 2022, 25" rid="ref-PradosdelaEscosura_2022" ref-type="bibr">Prados
      de la Escosura 2022, 25</xref>).</p>
        </list-item>
        <list-item>
          <p>What policies and laws have been instrumental in steering
      technologically driven societal transformation in the past and
      where has it failed?</p>
        </list-item>
        <list-item>
          <p>Which uses of GenAI defy policy or lack of liberty and
      empowered people?</p>
        </list-item>
      </list>
    </sec>
  </body>
  <back>
    <ref-list>
      <title>References</title>
      <ref id="ref-brynjolfssonTuringTrapPromise2022">
        <element-citation publication-type="article-journal">
          <person-group person-group-type="author">
            <name>
              <surname>Brynjolfsson</surname>
              <given-names>Erik</given-names>
            </name>
          </person-group>
          <article-title>The Turing Trap: The Promise &amp; Peril of Human-Like Artificial Intelligence</article-title>
          <source>Daedalus</source>
          <year iso-8601-date="2022-05">2022</year>
          <month>05</month>
          <date-in-citation content-type="access-date">
            <year iso-8601-date="2026-01-16">2026</year>
            <month>01</month>
            <day>16</day>
          </date-in-citation>
          <volume>151</volume>
          <issue>2</issue>
          <issn>0011-5266, 1548-6192</issn>
          <pub-id pub-id-type="doi">10.1162/daed_a_01915</pub-id>
          <fpage>272</fpage>
          <lpage>287</lpage>
        </element-citation>
      </ref>
      <ref id="ref-crawford2021atlas">
        <element-citation publication-type="book">
          <person-group person-group-type="author">
            <name>
              <surname>Crawford</surname>
              <given-names>Kate</given-names>
            </name>
          </person-group>
          <source>The atlas of AI: Power, politics, and the planetary costs of artificial intelligence</source>
          <publisher-name>Yale University Press</publisher-name>
          <year iso-8601-date="2021">2021</year>
        </element-citation>
      </ref>
      <ref id="ref-cupacDemocratizationAgeArtificial2024">
        <element-citation publication-type="article-journal">
          <person-group person-group-type="author">
            <name>
              <surname>Cupać</surname>
              <given-names>Jelena</given-names>
            </name>
            <name>
              <surname>Schopmans</surname>
              <given-names>Hendrik</given-names>
            </name>
            <name>
              <surname>Tuncer-Ebetürk</surname>
              <given-names>İrem</given-names>
            </name>
          </person-group>
          <article-title>Democratization in the age of artificial intelligence: Introduction to the special issue</article-title>
          <source>Democratization</source>
          <publisher-name>Routledge</publisher-name>
          <year iso-8601-date="2024-07">2024</year>
          <month>07</month>
          <date-in-citation content-type="access-date">
            <year iso-8601-date="2026-01-08">2026</year>
            <month>01</month>
            <day>08</day>
          </date-in-citation>
          <volume>31</volume>
          <issue>5</issue>
          <issn>1351-0347</issn>
          <pub-id pub-id-type="doi">10.1080/13510347.2024.2338852</pub-id>
          <fpage>899</fpage>
          <lpage>921</lpage>
        </element-citation>
      </ref>
      <ref id="ref-ferraraGenAIHumanityNefarious2024">
        <element-citation publication-type="article-journal">
          <person-group person-group-type="author">
            <name>
              <surname>Ferrara</surname>
              <given-names>Emilio</given-names>
            </name>
          </person-group>
          <article-title>GenAI against humanity: Nefarious applications of generative artificial intelligence and large language models</article-title>
          <source>Journal of Computational Social Science</source>
          <year iso-8601-date="2024-04">2024</year>
          <month>04</month>
          <date-in-citation content-type="access-date">
            <year iso-8601-date="2025-09-17">2025</year>
            <month>09</month>
            <day>17</day>
          </date-in-citation>
          <volume>7</volume>
          <issue>1</issue>
          <issn>2432-2717, 2432-2725</issn>
          <pub-id pub-id-type="doi">10.1007/s42001-024-00250-1</pub-id>
          <fpage>549</fpage>
          <lpage>569</lpage>
        </element-citation>
      </ref>
      <ref id="ref-hotkarWhyCoolingCosts2025">
        <element-citation>
          <person-group person-group-type="author">
            <name>
              <surname>Hotkar</surname>
              <given-names>Pranav</given-names>
            </name>
          </person-group>
          <article-title>Why Cooling Costs Are the New Bottleneck in AI Data Centers</article-title>
          <publisher-name>https://dcpulse.com/article/enterprise-data-center-cooling-cost-ratio-ai</publisher-name>
          <year iso-8601-date="2025-06">2025</year>
          <month>06</month>
          <date-in-citation content-type="access-date">
            <year iso-8601-date="2026-01-12">2026</year>
            <month>01</month>
            <day>12</day>
          </date-in-citation>
        </element-citation>
      </ref>
      <ref id="ref-johnsonPowerProgressOur2023">
        <element-citation publication-type="book">
          <person-group person-group-type="author">
            <name>
              <surname>Johnson</surname>
              <given-names>Simon</given-names>
            </name>
            <name>
              <surname>Acemoglu</surname>
              <given-names>Daron</given-names>
            </name>
          </person-group>
          <source>Power and Progress: Our Thousand-Year Struggle Over Technology and Prosperity</source>
          <publisher-name>Hachette UK</publisher-name>
          <year iso-8601-date="2023-05">2023</year>
          <month>05</month>
          <isbn>978-1-3998-0448-6</isbn>
        </element-citation>
      </ref>
      <ref id="ref-joshi2025transformative">
        <element-citation publication-type="article-journal">
          <person-group person-group-type="author">
            <name>
              <surname>Joshi</surname>
              <given-names>Satyadhar</given-names>
            </name>
          </person-group>
          <article-title>The transformative role of agentic GenAI in shaping workforce development and education in the US</article-title>
          <source>Available at SSRN 5133376</source>
          <year iso-8601-date="2025">2025</year>
        </element-citation>
      </ref>
      <ref id="ref-linExplodingAIPower2024">
        <element-citation publication-type="paper-conference">
          <person-group person-group-type="author">
            <name>
              <surname>Lin</surname>
              <given-names>Liuzixuan</given-names>
            </name>
            <name>
              <surname>Wijayawardana</surname>
              <given-names>Rajini</given-names>
            </name>
            <name>
              <surname>Rao</surname>
              <given-names>Varsha</given-names>
            </name>
            <name>
              <surname>Nguyen</surname>
              <given-names>Hai</given-names>
            </name>
            <name>
              <surname>Gnibga</surname>
              <given-names>Emmanuel Wedan</given-names>
            </name>
            <name>
              <surname>Chien</surname>
              <given-names>Andrew A.</given-names>
            </name>
          </person-group>
          <article-title>Exploding AI Power Use: An Opportunity to Rethink Grid Planning and Management</article-title>
          <source>The 15th ACM International Conference on Future and Sustainable Energy Systems</source>
          <publisher-name>ACM</publisher-name>
          <publisher-loc>Singapore Singapore</publisher-loc>
          <year iso-8601-date="2024-06">2024</year>
          <month>06</month>
          <date-in-citation content-type="access-date">
            <year iso-8601-date="2025-12-15">2025</year>
            <month>12</month>
            <day>15</day>
          </date-in-citation>
          <isbn>979-8-4007-0480-2</isbn>
          <pub-id pub-id-type="doi">10.1145/3632775.3661959</pub-id>
          <fpage>434</fpage>
          <lpage>441</lpage>
        </element-citation>
      </ref>
      <ref id="ref-perifanouCollaborativeUsesGenAI2025">
        <element-citation publication-type="article-journal">
          <person-group person-group-type="author">
            <name>
              <surname>Perifanou</surname>
              <given-names>Maria</given-names>
            </name>
            <name>
              <surname>Economides</surname>
              <given-names>Anastasios A.</given-names>
            </name>
          </person-group>
          <article-title>Collaborative Uses of GenAI Tools in Project-Based Learning</article-title>
          <source>Education Sciences</source>
          <publisher-name>Multidisciplinary Digital Publishing Institute</publisher-name>
          <year iso-8601-date="2025-03">2025</year>
          <month>03</month>
          <date-in-citation content-type="access-date">
            <year iso-8601-date="2025-11-11">2025</year>
            <month>11</month>
            <day>11</day>
          </date-in-citation>
          <volume>15</volume>
          <issue>3</issue>
          <issn>2227-7102</issn>
          <pub-id pub-id-type="doi">10.3390/educsci15030354</pub-id>
          <fpage>354</fpage>
          <lpage/>
        </element-citation>
      </ref>
      <ref id="ref-PradosdelaEscosura_2022">
        <element-citation publication-type="book">
          <person-group person-group-type="author">
            <name>
              <surname>Prados de la Escosura</surname>
              <given-names>Leandro</given-names>
            </name>
          </person-group>
          <source>Human development and the path to freedom: 1870 to the present</source>
          <publisher-name>Cambridge University Press</publisher-name>
          <publisher-loc>Cambridge</publisher-loc>
          <year iso-8601-date="2022">2022</year>
        </element-citation>
      </ref>
      <ref id="ref-senDevelopmentFreedom1999">
        <element-citation publication-type="book">
          <person-group person-group-type="author">
            <name>
              <surname>Sen</surname>
              <given-names>Amartya</given-names>
            </name>
          </person-group>
          <source>Development as Freedom</source>
          <publisher-name>Oxford University Press</publisher-name>
          <year iso-8601-date="1999">1999</year>
        </element-citation>
      </ref>
      <ref id="ref-undpHumanDevelopmentReport2025">
        <element-citation publication-type="article-journal">
          <person-group person-group-type="author">
            <name>
              <surname>UNDP</surname>
            </name>
          </person-group>
          <article-title>Human development report 2025</article-title>
          <source>UNDP (United Nations Development Programme)</source>
          <publisher-loc>New York</publisher-loc>
          <year iso-8601-date="2025">2025</year>
        </element-citation>
      </ref>
      <ref id="ref-wilsonDataCenterRack2025">
        <element-citation>
          <person-group person-group-type="author">
            <name>
              <surname>Wilson</surname>
              <given-names>Michael</given-names>
            </name>
          </person-group>
          <article-title>Data Center Rack Power Costs: A Condensed Analysis</article-title>
          <source>Nlyte</source>
          <year iso-8601-date="2025-06">2025</year>
          <month>06</month>
          <date-in-citation content-type="access-date">
            <year iso-8601-date="2026-01-12">2026</year>
            <month>01</month>
            <day>12</day>
          </date-in-citation>
        </element-citation>
      </ref>
      <ref id="ref-yangLithiumPollutionIts2024">
        <element-citation publication-type="article-journal">
          <person-group person-group-type="author">
            <name>
              <surname>Yang</surname>
              <given-names>Xuezhi</given-names>
            </name>
            <name>
              <surname>Wen</surname>
              <given-names>Haonan</given-names>
            </name>
            <name>
              <surname>Liu</surname>
              <given-names>Yin</given-names>
            </name>
            <name>
              <surname>Huang</surname>
              <given-names>Ying</given-names>
            </name>
            <name>
              <surname>Zhang</surname>
              <given-names>Qun</given-names>
            </name>
            <name>
              <surname>Wang</surname>
              <given-names>Weichao</given-names>
            </name>
            <name>
              <surname>Zhang</surname>
              <given-names>Haiyan</given-names>
            </name>
            <name>
              <surname>Fu</surname>
              <given-names>Jianjie</given-names>
            </name>
            <name>
              <surname>Li</surname>
              <given-names>Gang</given-names>
            </name>
            <name>
              <surname>Liu</surname>
              <given-names>Qian</given-names>
            </name>
            <name>
              <surname>Jiang</surname>
              <given-names>Guibin</given-names>
            </name>
          </person-group>
          <article-title>Lithium Pollution and Its Associated Health Risks in the Largest Lithium Extraction Industrial Area in China</article-title>
          <source>Environmental Science &amp; Technology</source>
          <publisher-name>American Chemical Society</publisher-name>
          <year iso-8601-date="2024-07">2024</year>
          <month>07</month>
          <date-in-citation content-type="access-date">
            <year iso-8601-date="2026-01-12">2026</year>
            <month>01</month>
            <day>12</day>
          </date-in-citation>
          <volume>58</volume>
          <issue>26</issue>
          <issn>0013-936X</issn>
          <pub-id pub-id-type="doi">10.1021/acs.est.4c00225</pub-id>
          <fpage>11637</fpage>
          <lpage>11648</lpage>
        </element-citation>
      </ref>
    </ref-list>
  </back>
</article>
