<?xml version="1.0" encoding="utf-8"?>
<!DOCTYPE article PUBLIC "-//NLM//DTD JATS (Z39.96) Journal Archiving
and Interchange DTD v1.2 20190208//EN" "JATS-archivearticle1.dtd">
<article xmlns:mml="http://www.w3.org/1998/Math/MathML" xmlns:xlink="http://www.w3.org/1999/xlink" dtd-version="1.2" article-type="other">
  <front>
    <article-meta>
      <title-group>
        <article-title>PhD Proposal</article-title>
      </title-group>
      <contrib-group>
        <contrib contrib-type="author" corresp="yes">
          <name>
            <surname>Deventer</surname>
            <given-names>Frederik J</given-names>
          </name>
          <string-name>Frederik J van Deventer</string-name>
          <role vocab="https://credit.niso.org" vocab-term="writing – original draft" vocab-term-identifier="https://credit.niso.org/contributor-roles/writing-original-draft/">writing</role>
          <xref ref-type="aff" rid="aff-1">a</xref>
          <xref ref-type="corresp" rid="cor-1">*</xref>
        </contrib>
      </contrib-group>
      <aff id="aff-1">
        <institution-wrap>
          <institution>HAN University of Applied Sciences</institution>
        </institution-wrap>
      </aff>
      <author-notes>
        <corresp id="cor-1"/>
      </author-notes>
      <history/>
    </article-meta>
  </front>
  <body>
    <sec id="why-dont-we-care-about-privacy">
      <title>Why don’t we care about privacy?</title>
      <list list-type="bullet">
        <list-item>
          <p>similar to not caring about the environment</p>
        </list-item>
        <list-item>
          <p>vegetarianism</p>
        </list-item>
        <list-item>
          <p>dopanmine, addiction to social media</p>
        </list-item>
        <list-item>
          <p>necessity. gmail is just so cheap</p>
        </list-item>
      </list>
      <sec id="solution">
        <title>solution</title>
        <p>Prevalence, front of mind consequence meditation</p>
      </sec>
    </sec>
    <sec id="introduction">
      <title>Introduction</title>
      <p>As humans in a digital society we are living lives that are
  entwined with technology that exchanges data. We need to exchange data
  to track our businesses, for our communications with friends and
  family, to come ahead in our educational system, to pay our taxes
  etcetera, etcetera. We sacrifice our privacy to get access to free
  applications or to benefit our security
  (<xref alt="McKinnon 2014" rid="ref-mckinnon2014sacrificing" ref-type="bibr">McKinnon
  2014</xref>), or move along faster in a health system [], or even to
  register for asylum
  (<xref alt="Lodinová 2016" rid="ref-lodinovaApplicationBiometricsMeans2016" ref-type="bibr">Lodinová
  2016</xref>). These applications typically track our internet
  behaviour
  (<xref alt="Makhortykh et al. 2022" rid="ref-makhortykhTrackNotTrack2022" ref-type="bibr">Makhortykh
  et al. 2022</xref>;
  <xref alt="Razaghpanah et al. 2018" rid="ref-razaghpanahAppsTrackersPrivacy2018" ref-type="bibr">Razaghpanah
  et al. 2018</xref>). This tracking of biometric, location and social
  data is not without danger, this data is also used for the creation of
  economic value and has lead to something more than just a phenomenon
  of capitalism; it’s a manifestation of colonialism
  (<xref alt="Couldry and Mejias 2019" rid="ref-couldry2019data" ref-type="bibr">Couldry
  and Mejias 2019</xref>).</p>
      <p>With new developments in AI this becomes more prevalent as data and
  AI “entrench power assymetries and engender new forms of structural
  violence and new inequities between the Global South and North”
  (<xref alt="Madianou 2024" rid="ref-madianou2024technocolonialism" ref-type="bibr">Madianou
  2024</xref>). There is little to no protection or privacy for private
  consumers unless government regulation explicitly makes it so, like
  the GDPR program
  (<xref alt="Arora 2019" rid="ref-arora2019general" ref-type="bibr">Arora
  2019</xref>). Much of Global South legislation is lagging behind or
  has met with challenges in enforcing the laws set in place
  (<xref alt="Prinsloo and Kaliisa 2022" rid="ref-prinslooDataPrivacyAfrican2022" ref-type="bibr">Prinsloo
  and Kaliisa 2022</xref>).</p>
      <p>In light of this</p>
      <p>
        <italic>Directions this could take. Validating all these promises
  AI seems to make. And vouching for privacy or security of the data
  disclosed with these agents.</italic>
      </p>
    </sec>
    <sec id="research-questions">
      <title>Research Questions</title>
      <p>In what way can power assymetries between the majority world and
  the minority world be limited by effective legislation towards
  protecting personal data of citizens?</p>
      <p>How can privacy literacy be increased that respects a cultural
  tradition without using a Eurocentric view of individual privacy but
  including a collective privacy?</p>
      <p>What does privacy mean in rural areas</p>
    </sec>
    <sec id="methodology">
      <title>Methodology</title>
      <list list-type="bullet">
        <list-item>
          <p>Qualitative investigation of policy, laws in different
      countries</p>
        </list-item>
        <list-item>
          <p>Questionnaire on usage of internet and awareness of privacy
      concerns..</p>
        </list-item>
      </list>
    </sec>
  </body>
  <back>
    <ref-list>
      <title>References</title>
      <ref id="ref-arora2019general">
        <element-citation publication-type="article-journal">
          <person-group person-group-type="author">
            <name>
              <surname>Arora</surname>
              <given-names>Payal</given-names>
            </name>
          </person-group>
          <article-title>General data protection regulation—A global standard? Privacy futures, digital activism, and surveillance cultures in the Global South</article-title>
          <source>Surveillance &amp; Society</source>
          <year iso-8601-date="2019">2019</year>
          <volume>17</volume>
          <issue>5</issue>
          <fpage>717</fpage>
          <lpage>725</lpage>
        </element-citation>
      </ref>
      <ref id="ref-couldry2019data">
        <element-citation publication-type="article-journal">
          <person-group person-group-type="author">
            <name>
              <surname>Couldry</surname>
              <given-names>Nick</given-names>
            </name>
            <name>
              <surname>Mejias</surname>
              <given-names>Ulises A</given-names>
            </name>
          </person-group>
          <article-title>Data colonialism: Rethinking big data’s relation to the contemporary subject</article-title>
          <source>Television &amp; New Media</source>
          <publisher-name>Sage Publications Sage CA: Los Angeles, CA</publisher-name>
          <year iso-8601-date="2019">2019</year>
          <volume>20</volume>
          <issue>4</issue>
          <fpage>336</fpage>
          <lpage>349</lpage>
        </element-citation>
      </ref>
      <ref id="ref-lodinovaApplicationBiometricsMeans2016">
        <element-citation publication-type="article-journal">
          <person-group person-group-type="author">
            <name>
              <surname>Lodinová</surname>
              <given-names>Anna</given-names>
            </name>
          </person-group>
          <article-title>Application of biometrics as a means of refugee registration: Focusing on UNHCR’s strategy</article-title>
          <year iso-8601-date="2016">2016</year>
          <volume>2</volume>
          <issue>2</issue>
        </element-citation>
      </ref>
      <ref id="ref-madianou2024technocolonialism">
        <element-citation publication-type="book">
          <person-group person-group-type="author">
            <name>
              <surname>Madianou</surname>
              <given-names>Mirca</given-names>
            </name>
          </person-group>
          <source>Technocolonialism: When technology for good is harmful</source>
          <publisher-name>John Wiley &amp; Sons</publisher-name>
          <year iso-8601-date="2024">2024</year>
        </element-citation>
      </ref>
      <ref id="ref-makhortykhTrackNotTrack2022">
        <element-citation publication-type="article-journal">
          <person-group person-group-type="author">
            <name>
              <surname>Makhortykh</surname>
              <given-names>Mykola</given-names>
            </name>
            <name>
              <surname>Urman</surname>
              <given-names>Aleksandra</given-names>
            </name>
            <name>
              <surname>Gil-Lopez</surname>
              <given-names>Teresa</given-names>
            </name>
            <name>
              <surname>Ulloa</surname>
              <given-names>Roberto</given-names>
            </name>
          </person-group>
          <article-title>To track or not to track: Examining perceptions of online tracking for information behavior research</article-title>
          <source>Internet Research</source>
          <year iso-8601-date="2022-12">2022</year>
          <month>12</month>
          <date-in-citation content-type="access-date">
            <year iso-8601-date="2025-08-20">2025</year>
            <month>08</month>
            <day>20</day>
          </date-in-citation>
          <volume>32</volume>
          <issue>7</issue>
          <issn>1066-2243</issn>
          <pub-id pub-id-type="doi">10.1108/INTR-01-2021-0074</pub-id>
          <fpage>260</fpage>
          <lpage>279</lpage>
        </element-citation>
      </ref>
      <ref id="ref-mckinnon2014sacrificing">
        <element-citation publication-type="article-journal">
          <person-group person-group-type="author">
            <name>
              <surname>McKinnon</surname>
              <given-names>Ashton</given-names>
            </name>
          </person-group>
          <article-title>Sacrificing privacy for convenience: The need for stricter FTC regulations in an age of smartphone surveillance</article-title>
          <source>J. Nat’l Ass’n Admin. L. Judiciary</source>
          <publisher-name>HeinOnline</publisher-name>
          <year iso-8601-date="2014">2014</year>
          <volume>34</volume>
          <fpage>484</fpage>
          <lpage/>
        </element-citation>
      </ref>
      <ref id="ref-prinslooDataPrivacyAfrican2022">
        <element-citation publication-type="article-journal">
          <person-group person-group-type="author">
            <name>
              <surname>Prinsloo</surname>
              <given-names>Paul</given-names>
            </name>
            <name>
              <surname>Kaliisa</surname>
              <given-names>Rogers</given-names>
            </name>
          </person-group>
          <article-title>Data privacy on the African continent: Opportunities, challenges and implications for learning analytics</article-title>
          <source>British Journal of Educational Technology</source>
          <year iso-8601-date="2022">2022</year>
          <date-in-citation content-type="access-date">
            <year iso-8601-date="2025-07-17">2025</year>
            <month>07</month>
            <day>17</day>
          </date-in-citation>
          <volume>53</volume>
          <issue>4</issue>
          <issn>1467-8535</issn>
          <pub-id pub-id-type="doi">10.1111/bjet.13226</pub-id>
          <fpage>894</fpage>
          <lpage>913</lpage>
        </element-citation>
      </ref>
      <ref id="ref-razaghpanahAppsTrackersPrivacy2018">
        <element-citation publication-type="paper-conference">
          <person-group person-group-type="author">
            <name>
              <surname>Razaghpanah</surname>
              <given-names>Abbas</given-names>
            </name>
            <name>
              <surname>Nithyanand</surname>
              <given-names>Rishab</given-names>
            </name>
            <name>
              <surname>Vallina-Rodriguez</surname>
              <given-names>Narseo</given-names>
            </name>
            <name>
              <surname>Sundaresan</surname>
              <given-names>Srikanth</given-names>
            </name>
            <name>
              <surname>Allman</surname>
              <given-names>Mark</given-names>
            </name>
            <name>
              <surname>Kreibich</surname>
              <given-names>Christian</given-names>
            </name>
            <name>
              <surname>Gill</surname>
              <given-names>Phillipa</given-names>
            </name>
          </person-group>
          <article-title>Apps, Trackers, Privacy, and Regulators: A Global Study of the Mobile Tracking Ecosystem</article-title>
          <source>Proceedings 2018 Network and Distributed System Security Symposium</source>
          <publisher-name>Internet Society</publisher-name>
          <publisher-loc>San Diego, CA</publisher-loc>
          <year iso-8601-date="2018">2018</year>
          <date-in-citation content-type="access-date">
            <year iso-8601-date="2025-08-20">2025</year>
            <month>08</month>
            <day>20</day>
          </date-in-citation>
          <isbn>978-1-891562-49-5</isbn>
          <pub-id pub-id-type="doi">10.14722/ndss.2018.23353</pub-id>
        </element-citation>
      </ref>
    </ref-list>
  </back>
  <sub-article article-type="notebook" id="nb-4-nb-1">
    <front-stub>
      <title-group>
        <article-title>Notes</article-title>
      </title-group>
      <contrib-group>
        <contrib contrib-type="author">
          <name>
            <surname>Deventer</surname>
            <given-names>Frederik J. Van</given-names>
          </name>
          <string-name>Frederik J. Van Deventer</string-name>
        </contrib>
      </contrib-group>
    </front-stub>
    <body>
      <list list-type="bullet">
        <list-item>
          <p>“While privacy is recognised as a right by some African states,
    this is only rarely translated into justiciable rights and is almost
    never a constraint on the behaviour of governments and their secret
    police. This can be seen in the areas of data protection,
    surveillance and cybersecurity.” - Sutherland
    (<xref alt="2018" rid="ref-sutherlandDigitalPrivacyAfrica2018-nb-1" ref-type="bibr">2018</xref>)</p>
        </list-item>
      </list>
      <sec id="hypotheses-to-work-with-or-maxims-and-possible-case-studies-nb-1">
        <title>Hypotheses to work with or maxims and possible case
  studies</title>
        <list list-type="bullet">
          <list-item>
            <p>Digital divide discourse is not advancing the closing of the
      divide</p>
          </list-item>
          <list-item>
            <p>Closing the digital divide is not alleviating poverty</p>
          </list-item>
          <list-item>
            <p>Big tech’s push for the next billion users is unethically
      preying on the new and inexperienced users</p>
          </list-item>
          <list-item>
            <p>Improving privacy literacy will improve a users engagement with
      platforms</p>
          </list-item>
          <list-item>
            <p>Privacy and security are low priority</p>
          </list-item>
          <list-item>
            <p>The global south is likely to fall prey to exposurism or
      pilotism, the idea that companies use interventions and
      experiments to test a theory and increase their PR by showing that
      they are involved in “community efforts”</p>
            <list list-type="bullet">
              <list-item>
                <p>Why is it likely to fall prey? Or are they able to rise
          above.</p>
              </list-item>
              <list-item>
                <p>shown by humanitarianism in Technocolonialism</p>
              </list-item>
            </list>
          </list-item>
          <list-item>
            <p>AI hype and positivity nudges people to put their trust in
      platforms, but support will lack in the future</p>
            <list list-type="bullet">
              <list-item>
                <p>who will benefit
          (<xref alt="Houston and Erdelez 2002" rid="ref-houstonDigitalDivideWho2002-nb-1" ref-type="bibr">Houston
          and Erdelez 2002</xref>)</p>
              </list-item>
            </list>
          </list-item>
          <list-item>
            <p>Technosolutionism puts too much trust in AI and will ask from
      new users to engage with these tools. These tools are not free and
      cost a lot to maintain</p>
          </list-item>
          <list-item>
            <p>Offline-first education tools.</p>
          </list-item>
          <list-item>
            <p>Data protection regulation is not being enforced and falls
      short.</p>
          </list-item>
          <list-item>
            <p>Machine learning’s biases are implicit but not without
      consequence</p>
            <list list-type="bullet">
              <list-item>
                <p>example DRC refugees: Madianou
          (<xref alt="2024" rid="ref-madianou2024technocolonialism-nb-1" ref-type="bibr">2024</xref>)
          p.140. When the decision is made by the machine without any
          clear explanation about the criteria used, then it is harder
          to challenge [.. exclusion].</p>
              </list-item>
              <list-item>
                <p>Example Australia robodebt.</p>
              </list-item>
            </list>
          </list-item>
        </list>
      </sec>
      <sec id="gesprek-eelco-nb-1">
        <title>gesprek Eelco</title>
        <p>_ Bart Jacobs - Digital security. _ Jaap Henk Hoepman -
  Fundamentalist privacy, data minimalisation. Digital security _ -
  Misgaan met data _</p>
        <p>Theoretical Framework</p>
        <list list-type="bullet">
          <list-item>
            <p>Privacy</p>
          </list-item>
          <list-item>
            <p>Helen Nissenbaum Contextual Integrity (up and own the data food
      chain)</p>
          </list-item>
          <list-item>
            <p>Mireille Hildebrandt ()</p>
          </list-item>
          <list-item>
            <p>Timothy Garton Ash: Free Speech</p>
          </list-item>
        </list>
        <p>Big Tech en hun algoritmen vs. perceptie privacy in Botswana en wat
  aanvaarden mensen.</p>
        <p>Association Computer and Machinery - Chapter India, China - Chapter
  Africa - Technology policy council</p>
      </sec>
    </body>
    <back>
      <ref-list>
        <title/>
        <ref id="ref-houstonDigitalDivideWho2002-nb-1">
          <element-citation publication-type="article-journal">
            <person-group person-group-type="author">
              <name>
                <surname>Houston</surname>
                <given-names>Roland D.</given-names>
              </name>
              <name>
                <surname>Erdelez</surname>
                <given-names>Sanda</given-names>
              </name>
            </person-group>
            <article-title>The digital divide: Who really benefits from the proposed solutions for closing the gap</article-title>
            <source>Proceedings of the American Society for Information Science and Technology</source>
            <year iso-8601-date="2002">2002</year>
            <date-in-citation content-type="access-date">
              <year iso-8601-date="2025-08-18">2025</year>
              <month>08</month>
              <day>18</day>
            </date-in-citation>
            <volume>39</volume>
            <issue>1</issue>
            <issn>1550-8390</issn>
            <pub-id pub-id-type="doi">10.1002/meet.1450390111</pub-id>
            <fpage>99</fpage>
            <lpage>106</lpage>
          </element-citation>
        </ref>
        <ref id="ref-madianou2024technocolonialism-nb-1">
          <element-citation publication-type="book">
            <person-group person-group-type="author">
              <name>
                <surname>Madianou</surname>
                <given-names>Mirca</given-names>
              </name>
            </person-group>
            <source>Technocolonialism: When technology for good is harmful</source>
            <publisher-name>John Wiley &amp; Sons</publisher-name>
            <year iso-8601-date="2024">2024</year>
          </element-citation>
        </ref>
        <ref id="ref-sutherlandDigitalPrivacyAfrica2018-nb-1">
          <element-citation publication-type="article-journal">
            <person-group person-group-type="author">
              <name>
                <surname>Sutherland</surname>
                <given-names>Ewan</given-names>
              </name>
            </person-group>
            <article-title>Digital Privacy in Africa: Cybersecurity, Data Protection &amp; Surveillance</article-title>
            <source>SSRN Electronic Journal</source>
            <year iso-8601-date="2018">2018</year>
            <date-in-citation content-type="access-date">
              <year iso-8601-date="2025-08-17">2025</year>
              <month>08</month>
              <day>17</day>
            </date-in-citation>
            <issn>1556-5068</issn>
            <pub-id pub-id-type="doi">10.2139/ssrn.3201310</pub-id>
          </element-citation>
        </ref>
      </ref-list>
    </back>
  </sub-article>
  <sub-article article-type="notebook" id="nb-7-nb-2">
    <front-stub>
      <title-group>
        <article-title>Understanding privacy AI in the context of digital
literacy</article-title>
      </title-group>
      <contrib-group>
        <contrib contrib-type="author">
          <name>
            <surname>Deventer</surname>
            <given-names>Fritz Van</given-names>
          </name>
          <string-name>Fritz Van Deventer</string-name>
        </contrib>
      </contrib-group>
    </front-stub>
    <body>
      <sec id="introduction-nb-2">
        <title>Introduction</title>
        <p>Digital connectivity is a must for advancing economic growth and
  personal development, whether we like it or not. Digital privacy
  however is something we often neglect, or is a luxury to consider
  (<xref alt="Papacharissi 2010" rid="ref-papacharissiPrivacyLuxuryCommodity2010-nb-2" ref-type="bibr">Papacharissi
  2010</xref>), when most communication platforms require a privacy
  sacrifice to partake in its benefits for free. Low digital literacy in
  combination with high connectivity can be dangerous. Multiple studies
  have seen a combination of reasons why some people are more prone to
  be a victim of fraud, one of which is low digital literacy
  (<xref alt="Li, Li, and Du 2024" rid="ref-liDoesDigitalLiteracy2024-nb-2" ref-type="bibr">Li,
  Li, and Du 2024</xref>). Most people are not aware that all the small
  bits and pieces we offer to social platforms can be used by big tech
  companies to put together a “Gestalt” of a user
  (<xref alt="Puaschunder 2018" rid="ref-puaschunder2018dignity-nb-2" ref-type="bibr">Puaschunder
  2018</xref>). Or put more simply, to understand what constitutes and
  drives an individual online.</p>
        <p>In the quest to increase profits and acquire the “next billion
  users”, big tech companies are trying to get more people online and
  part of their platforms by offering zero-rated services
  (<xref alt="“Meta Connectivity” n.d." rid="ref-MetaConnectivity-nb-2" ref-type="bibr">“Meta
  Connectivity” n.d.</xref>), [more sources]. The benefits of LLM’s and
  GenAI are largely available for free where users offer a lot of
  details about private matters, work-related documents without clearly
  stating what is being done with their data.</p>
        <p>Besides that GenAI makes it a lot easier to cause harm by creating
  misinformation at the speed of light, and enhance digital images and
  videos that some people cannot descern from real.</p>
        <p>How then do people in low digital literacy environments educate
  themselves to guard themselves against these forces?</p>
      </sec>
      <sec id="research-question-nb-2">
        <title>Research Question</title>
        <list list-type="order">
          <list-item>
            <p>How do people in low digital literacy environments, overcome
      vectors that seek to do harm?</p>
          </list-item>
        </list>
        <sec id="sub-questions-nb-2">
          <title>Sub-questions</title>
          <list list-type="order">
            <list-item>
              <p>What constitutes low digital literacy and how does privacy
        and AI have their own blind spots?</p>
            </list-item>
            <list-item>
              <p>What are ways to increase digital literacy concerning
        privacy?</p>
            </list-item>
            <list-item>
              <p>How can people be instructed recognize “AI smells”?</p>
            </list-item>
          </list>
        </sec>
      </sec>
    </body>
    <back>
      <ref-list>
        <title>References</title>
        <ref id="ref-liDoesDigitalLiteracy2024-nb-2">
          <element-citation publication-type="article-journal">
            <person-group person-group-type="author">
              <name>
                <surname>Li</surname>
                <given-names>Peng</given-names>
              </name>
              <name>
                <surname>Li</surname>
                <given-names>Qinghai</given-names>
              </name>
              <name>
                <surname>Du</surname>
                <given-names>Shanxing</given-names>
              </name>
            </person-group>
            <article-title>Does digital literacy help residents avoid becoming victims of frauds? Empirical evidence based on a survey of residents in six provinces of east China</article-title>
            <source>International Review of Economics &amp; Finance</source>
            <year iso-8601-date="2024-03">2024</year>
            <month>03</month>
            <date-in-citation content-type="access-date">
              <year iso-8601-date="2025-09-11">2025</year>
              <month>09</month>
              <day>11</day>
            </date-in-citation>
            <volume>91</volume>
            <issn>10590560</issn>
            <pub-id pub-id-type="doi">10.1016/j.iref.2024.01.056</pub-id>
            <fpage>364</fpage>
            <lpage>377</lpage>
          </element-citation>
        </ref>
        <ref id="ref-MetaConnectivity-nb-2">
          <element-citation>
            <article-title>Meta Connectivity</article-title>
            <publisher-name>https://www.facebook.com/connectivity/solutions/free-basics/</publisher-name>
            <date-in-citation content-type="access-date">
              <year iso-8601-date="2025-07-10">2025</year>
              <month>07</month>
              <day>10</day>
            </date-in-citation>
          </element-citation>
        </ref>
        <ref id="ref-papacharissiPrivacyLuxuryCommodity2010-nb-2">
          <element-citation publication-type="article-journal">
            <person-group person-group-type="author">
              <name>
                <surname>Papacharissi</surname>
                <given-names>Zizi</given-names>
              </name>
            </person-group>
            <article-title>Privacy as a luxury commodity</article-title>
            <source>First Monday</source>
            <year iso-8601-date="2010-07">2010</year>
            <month>07</month>
            <date-in-citation content-type="access-date">
              <year iso-8601-date="2025-09-11">2025</year>
              <month>09</month>
              <day>11</day>
            </date-in-citation>
            <volume>15</volume>
            <issue>8</issue>
            <issn>13960466</issn>
            <pub-id pub-id-type="doi">10.5210/fm.v15i8.3075</pub-id>
          </element-citation>
        </ref>
        <ref id="ref-puaschunder2018dignity-nb-2">
          <element-citation publication-type="article-journal">
            <person-group person-group-type="author">
              <name>
                <surname>Puaschunder</surname>
                <given-names>Julia M</given-names>
              </name>
            </person-group>
            <article-title>Dignity and utility of privacy and information sharing in the digital big data age</article-title>
            <source>International Journal of Commerce and Management Research</source>
            <year iso-8601-date="2018">2018</year>
            <volume>5</volume>
            <issue>4</issue>
            <fpage>62</fpage>
            <lpage>70</lpage>
          </element-citation>
        </ref>
      </ref-list>
    </back>
  </sub-article>
  <sub-article article-type="notebook" id="nb-11-nb-3">
    <front-stub>
      <title-group>
        <article-title>Discovering a pattern of privacy literacy in rural Sub
Saharan Africa</article-title>
      </title-group>
      <contrib-group>
        <contrib contrib-type="author">
          <name>
            <surname>Deventer</surname>
            <given-names>Frederik J. Van</given-names>
          </name>
          <string-name>Frederik J. Van Deventer</string-name>
        </contrib>
      </contrib-group>
    </front-stub>
    <body>
      <sec id="context-nb-3">
        <title>Context</title>
        <p>With the rise of digitization and the data it produces, the
  question of ownership of data becomes a contested issue for agents
  such as Indigenous people, consumers and countries
  (<xref alt="Hummel et al. 2021" rid="ref-hummel2021data-nb-3" ref-type="bibr">Hummel
  et al. 2021</xref>). If the ownership is not clear and personal data
  cannot always be obtained
  (<xref alt="Herrmann and Lindemann 2016" rid="ref-herrmannObtainingPersonalData2016-nb-3" ref-type="bibr">Herrmann
  and Lindemann 2016</xref>) it should be clear we should not only look
  to data governance or ownership but also to defending this data in the
  light of privacy norms. However, digital privacy in much of Africa is
  subject to local and regional legislation
  (<xref alt="Prinsloo and Kaliisa 2022" rid="ref-prinslooDataPrivacyAfrican2022-nb-3" ref-type="bibr">Prinsloo
  and Kaliisa 2022</xref>), but its main challenge lies in enforcement
  of this legislation
  (<xref alt="Abdulrauf 2021" rid="ref-Abdulrauf04052021-nb-3" ref-type="bibr">Abdulrauf
  2021</xref>). We should therefore not only rely on legislation, but
  also work towards higher privacy literacy
  (<xref alt="Koltay 2016" rid="ref-koltay2016data-nb-3" ref-type="bibr">Koltay
  2016</xref>).</p>
        <p>Digital privacy is not a binary or singular thing, and giving our
  personal information to gain access to a platform or a service can be
  useful. However people largely underestimate the small bits of
  information we give to big tech and how the sum of that can still
  offer a persona or Gestalt
  (<xref alt="Puaschunder 2018" rid="ref-puaschunder2018dignity-nb-3" ref-type="bibr">Puaschunder
  2018</xref>) with useful insights.</p>
      </sec>
      <sec id="problem-nb-3">
        <title>Problem</title>
        <p>Understanding what happens with your data is difficult and
  ambigiuous in any context
  (<xref alt="Bartsch and Dienlin 2016" rid="ref-bartschControlYourFacebook2016-nb-3" ref-type="bibr">Bartsch
  and Dienlin 2016</xref>). Regulation and enforcement often falls
  behind. And some regulation interventions simply fail, like the
  “cookie wall”-solution
  (<xref alt="Leenes and Kosta 2015" rid="ref-leenes2015taming-nb-3" ref-type="bibr">Leenes
  and Kosta 2015</xref>). When companies like Meta profit from tracking
  users online
  (<xref alt="Wernerfelt et al. 2025" rid="ref-wernerfeltEstimatingValueOffsite2025-nb-3" ref-type="bibr">Wernerfelt
  et al. 2025</xref>) and</p>
      </sec>
      <sec id="research-questions-nb-3">
        <title>Research questions</title>
        <sec id="main-question-nb-3">
          <title>Main question</title>
          <p>How can people in the Majority World benefit from being
    “connected” without sacrificing their privacy?</p>
          <p>What is permissable in bridging the digital divide? To what
    extent is big tech allowed to</p>
          <p>
            <bold>(Possibly this can be more specified towards a Case Study
    in rural South Africa, or Botswana?)</bold>
          </p>
        </sec>
        <sec id="sub-questions-nb-3">
          <title>Sub-questions</title>
          <list list-type="bullet">
            <list-item>
              <p>What initiatives stand out in ameliorating the digital
        divide?</p>
            </list-item>
            <list-item>
              <p>In what way are people aware of the predicament of sharing
        personal information?</p>
            </list-item>
            <list-item>
              <p>What is the benefit of participating in the digital “online
        world”?</p>
            </list-item>
            <list-item>
              <p>What legislation is in place to ensure digital privacy at a
        national and regional level?</p>
            </list-item>
            <list-item>
              <p>What conflicts between legislation and ethics arise
        concerning privacy?</p>
            </list-item>
            <list-item>
              <p>What are main differences when dealing with privacy in Europe
        and SSA?</p>
            </list-item>
          </list>
        </sec>
      </sec>
      <sec id="conceptual-framework-nb-3">
        <title>Conceptual Framework</title>
        <p>Nissenbaum
  (<xref alt="2004" rid="ref-nissenbaum2004privacy-nb-3" ref-type="bibr">2004</xref>)
  proposes the idea of “Contextual Integrity” for privacy. Which instead
  of focusing on specifics of data outlines “information flows”, of
  which the norms are subject to the context in which that data flows.
  With this notion of Contextual Integrity, we can easily establish the
  divulging of the same type of personal information can be completely
  permissable in one context and inappropriate in the other. For example
  sharing my postal address to purchase a product is permissable,
  whereas sharing my postal address with my students so they can hand in
  their papers personally, feels like crossing a boundary.</p>
        <p>The concept of “Contextual Integrity” has been used in a number of
  studies to deal with personal information flows.</p>
      </sec>
      <sec id="research-methodology-nb-3">
        <title>Research methodology</title>
        <p>At the moment I’m reading Hancké
  (<xref alt="2023" rid="ref-hanckeIntelligentResearchDesign2023-nb-3" ref-type="bibr">2023</xref>)
  and sorting through the vast bibliography of Sovacool, Axsen, and
  Sorrell
  (<xref alt="2018" rid="ref-sovacoolPromotingNoveltyRigor2018-nb-3" ref-type="bibr">2018</xref>)
  to help sort out the methodology part.</p>
        <p>My initial instinct is to do a survey, but I would like to do
  something a bit different. But not sure how to go about this.</p>
        <p>Some other ideas:</p>
        <p>Ideas on how to accomplish this:</p>
        <list list-type="bullet">
          <list-item>
            <p>A/B Testing – do survey’s on 2 groups</p>
            <list list-type="bullet">
              <list-item>
                <p>one group has received a seminar or dissemination of the
          information about privacy the other has not</p>
              </list-item>
            </list>
          </list-item>
          <list-item>
            <p>Do a deeper but not necessarily wider analysis. So perhaps look
      for a few groups of participants in rural Botswana and a few
      groups in urban Botswana. Or try to localize it further by looking
      at interactions wihtin townships.</p>
          </list-item>
          <list-item>
            <p>Data acquisition might be a problem..</p>
          </list-item>
        </list>
      </sec>
      <sec id="significance-nb-3">
        <title>Significance</title>
        <p>A study by Prinsloo and Kaliisa
  (<xref alt="2022" rid="ref-prinslooDataPrivacyAfrican2022-nb-3" ref-type="bibr">2022</xref>)
  has been held to asses specific sub-topics such as student data
  privacy researching regulatory frameworks on the African content. The
  angle here to assess Higher Education Institutes (HEI’s) is helpful as
  it is a very concrete example and produces very clear results. However
  HEI’s are also quite an exclusive segment of society that cannot be
  used to draw broader conclusions. Another study uses a survey in an
  impressive array of countries but has quite a low sample size,
  primarily in the generation we call millenials, which might be the
  most digital and privacy literate
  (<xref alt="Agbozo, Alhassan, and Spassov 2018" rid="ref-agbozo2018personal-nb-3" ref-type="bibr">Agbozo,
  Alhassan, and Spassov 2018</xref>).</p>
        <p>This study should be different from both previous efforts by both
  its scope and localization.</p>
      </sec>
    </body>
    <back>
      <ref-list>
        <title>Bibliography</title>
        <ref id="ref-Abdulrauf04052021-nb-3">
          <element-citation publication-type="article-journal">
            <person-group person-group-type="author">
              <name>
                <surname>Abdulrauf</surname>
                <given-names>Lukman Adebisi</given-names>
              </name>
            </person-group>
            <article-title>Giving ‘teeth’ to the African Union towards advancing compliance with data privacy norms</article-title>
            <source>Information &amp; Communications Technology Law</source>
            <publisher-name>Routledge</publisher-name>
            <year iso-8601-date="2021">2021</year>
            <volume>30</volume>
            <issue>2</issue>
            <pub-id pub-id-type="doi">10.1080/13600834.2021.1849953</pub-id>
            <fpage>87</fpage>
            <lpage>107</lpage>
          </element-citation>
        </ref>
        <ref id="ref-agbozo2018personal-nb-3">
          <element-citation publication-type="paper-conference">
            <person-group person-group-type="author">
              <name>
                <surname>Agbozo</surname>
                <given-names>Ebenezer</given-names>
              </name>
              <name>
                <surname>Alhassan</surname>
                <given-names>Daniel</given-names>
              </name>
              <name>
                <surname>Spassov</surname>
                <given-names>Kamen</given-names>
              </name>
            </person-group>
            <article-title>Personal data and privacy barriers to e-Government adoption, implementation and development in Sub-Saharan Africa</article-title>
            <source>International conference on electronic governance and open society: Challenges in eurasia</source>
            <publisher-name>Springer</publisher-name>
            <year iso-8601-date="2018">2018</year>
            <fpage>82</fpage>
            <lpage>91</lpage>
          </element-citation>
        </ref>
        <ref id="ref-bartschControlYourFacebook2016-nb-3">
          <element-citation publication-type="article-journal">
            <person-group person-group-type="author">
              <name>
                <surname>Bartsch</surname>
                <given-names>Miriam</given-names>
              </name>
              <name>
                <surname>Dienlin</surname>
                <given-names>Tobias</given-names>
              </name>
            </person-group>
            <article-title>Control your Facebook: An analysis of online privacy literacy</article-title>
            <source>Computers in Human Behavior</source>
            <year iso-8601-date="2016-03">2016</year>
            <month>03</month>
            <date-in-citation content-type="access-date">
              <year iso-8601-date="2025-07-16">2025</year>
              <month>07</month>
              <day>16</day>
            </date-in-citation>
            <volume>56</volume>
            <issn>0747-5632</issn>
            <pub-id pub-id-type="doi">10.1016/j.chb.2015.11.022</pub-id>
            <fpage>147</fpage>
            <lpage>154</lpage>
          </element-citation>
        </ref>
        <ref id="ref-hanckeIntelligentResearchDesign2023-nb-3">
          <element-citation publication-type="book">
            <person-group person-group-type="author">
              <name>
                <surname>Hancké</surname>
                <given-names>Bob</given-names>
              </name>
            </person-group>
            <source>Intelligent research design: A guide for beginning researchers in the social sciences</source>
            <publisher-name>Oxford University Press</publisher-name>
            <publisher-loc>Oxford</publisher-loc>
            <year iso-8601-date="2023">2023</year>
            <isbn>978-0-19-957078-2 978-1-383-04654-0</isbn>
            <pub-id pub-id-type="doi">10.1093/oso/9780199570782.001.0001</pub-id>
          </element-citation>
        </ref>
        <ref id="ref-herrmannObtainingPersonalData2016-nb-3">
          <element-citation>
            <person-group person-group-type="author">
              <name>
                <surname>Herrmann</surname>
                <given-names>Dominik</given-names>
              </name>
              <name>
                <surname>Lindemann</surname>
                <given-names>Jens</given-names>
              </name>
            </person-group>
            <article-title>Obtaining personal data and asking for erasure: Do app vendors and website owners honour your privacy rights?</article-title>
            <publisher-name>arXiv</publisher-name>
            <year iso-8601-date="2016-04">2016</year>
            <month>04</month>
            <date-in-citation content-type="access-date">
              <year iso-8601-date="2025-07-11">2025</year>
              <month>07</month>
              <day>11</day>
            </date-in-citation>
            <uri>https://arxiv.org/abs/1602.01804</uri>
            <pub-id pub-id-type="doi">10.48550/arXiv.1602.01804</pub-id>
          </element-citation>
        </ref>
        <ref id="ref-hummel2021data-nb-3">
          <element-citation publication-type="article-journal">
            <person-group person-group-type="author">
              <name>
                <surname>Hummel</surname>
                <given-names>Patrik</given-names>
              </name>
              <name>
                <surname>Braun</surname>
                <given-names>Matthias</given-names>
              </name>
              <name>
                <surname>Tretter</surname>
                <given-names>Max</given-names>
              </name>
              <name>
                <surname>Dabrock</surname>
                <given-names>Peter</given-names>
              </name>
            </person-group>
            <article-title>Data sovereignty: A review</article-title>
            <source>Big Data &amp; Society</source>
            <publisher-name>SAGE Publications Sage UK: London, England</publisher-name>
            <year iso-8601-date="2021">2021</year>
            <volume>8</volume>
            <issue>1</issue>
            <fpage>2053951720982012</fpage>
            <lpage/>
          </element-citation>
        </ref>
        <ref id="ref-koltay2016data-nb-3">
          <element-citation publication-type="article-journal">
            <person-group person-group-type="author">
              <name>
                <surname>Koltay</surname>
                <given-names>Tibor</given-names>
              </name>
            </person-group>
            <article-title>Data governance, data literacy and the management of data quality</article-title>
            <source>IFLA journal</source>
            <publisher-name>Sage Publications Sage UK: London, England</publisher-name>
            <year iso-8601-date="2016">2016</year>
            <volume>42</volume>
            <issue>4</issue>
            <fpage>303</fpage>
            <lpage>312</lpage>
          </element-citation>
        </ref>
        <ref id="ref-leenes2015taming-nb-3">
          <element-citation publication-type="article-journal">
            <person-group person-group-type="author">
              <name>
                <surname>Leenes</surname>
                <given-names>Ronald</given-names>
              </name>
              <name>
                <surname>Kosta</surname>
                <given-names>Eleni</given-names>
              </name>
            </person-group>
            <article-title>Taming the cookie monster with dutch law–a tale of regulatory failure</article-title>
            <source>Computer Law &amp; Security Review</source>
            <publisher-name>Elsevier</publisher-name>
            <year iso-8601-date="2015">2015</year>
            <volume>31</volume>
            <issue>3</issue>
            <fpage>317</fpage>
            <lpage>335</lpage>
          </element-citation>
        </ref>
        <ref id="ref-nissenbaum2004privacy-nb-3">
          <element-citation publication-type="article-journal">
            <person-group person-group-type="author">
              <name>
                <surname>Nissenbaum</surname>
                <given-names>Helen</given-names>
              </name>
            </person-group>
            <article-title>Privacy as contextual integrity</article-title>
            <publisher-name>HeinOnline</publisher-name>
            <year iso-8601-date="2004">2004</year>
            <volume>79</volume>
            <fpage>119</fpage>
            <lpage/>
          </element-citation>
        </ref>
        <ref id="ref-prinslooDataPrivacyAfrican2022-nb-3">
          <element-citation publication-type="article-journal">
            <person-group person-group-type="author">
              <name>
                <surname>Prinsloo</surname>
                <given-names>Paul</given-names>
              </name>
              <name>
                <surname>Kaliisa</surname>
                <given-names>Rogers</given-names>
              </name>
            </person-group>
            <article-title>Data privacy on the African continent: Opportunities, challenges and implications for learning analytics</article-title>
            <source>British Journal of Educational Technology</source>
            <year iso-8601-date="2022">2022</year>
            <date-in-citation content-type="access-date">
              <year iso-8601-date="2025-07-17">2025</year>
              <month>07</month>
              <day>17</day>
            </date-in-citation>
            <volume>53</volume>
            <issue>4</issue>
            <issn>1467-8535</issn>
            <pub-id pub-id-type="doi">10.1111/bjet.13226</pub-id>
            <fpage>894</fpage>
            <lpage>913</lpage>
          </element-citation>
        </ref>
        <ref id="ref-puaschunder2018dignity-nb-3">
          <element-citation publication-type="article-journal">
            <person-group person-group-type="author">
              <name>
                <surname>Puaschunder</surname>
                <given-names>Julia M</given-names>
              </name>
            </person-group>
            <article-title>Dignity and utility of privacy and information sharing in the digital big data age</article-title>
            <source>International Journal of Commerce and Management Research</source>
            <year iso-8601-date="2018">2018</year>
            <volume>5</volume>
            <issue>4</issue>
            <fpage>62</fpage>
            <lpage>70</lpage>
          </element-citation>
        </ref>
        <ref id="ref-sovacoolPromotingNoveltyRigor2018-nb-3">
          <element-citation publication-type="article-journal">
            <person-group person-group-type="author">
              <name>
                <surname>Sovacool</surname>
                <given-names>Benjamin K.</given-names>
              </name>
              <name>
                <surname>Axsen</surname>
                <given-names>Jonn</given-names>
              </name>
              <name>
                <surname>Sorrell</surname>
                <given-names>Steve</given-names>
              </name>
            </person-group>
            <article-title>Promoting novelty, rigor, and style in energy social science: Towards codes of practice for appropriate methods and research design</article-title>
            <source>Energy Research &amp; Social Science</source>
            <year iso-8601-date="2018-11">2018</year>
            <month>11</month>
            <date-in-citation content-type="access-date">
              <year iso-8601-date="2025-07-15">2025</year>
              <month>07</month>
              <day>15</day>
            </date-in-citation>
            <volume>45</volume>
            <issn>2214-6296</issn>
            <pub-id pub-id-type="doi">10.1016/j.erss.2018.07.007</pub-id>
            <fpage>12</fpage>
            <lpage>42</lpage>
          </element-citation>
        </ref>
        <ref id="ref-wernerfeltEstimatingValueOffsite2025-nb-3">
          <element-citation publication-type="article-journal">
            <person-group person-group-type="author">
              <name>
                <surname>Wernerfelt</surname>
                <given-names>Nils</given-names>
              </name>
              <name>
                <surname>Tuchman</surname>
                <given-names>Anna</given-names>
              </name>
              <name>
                <surname>Shapiro</surname>
                <given-names>Bradley T.</given-names>
              </name>
              <name>
                <surname>Moakler</surname>
                <given-names>Robert</given-names>
              </name>
            </person-group>
            <article-title>Estimating the Value of Offsite Tracking Data to Advertisers: Evidence from Meta</article-title>
            <source>Marketing Science</source>
            <publisher-name>INFORMS</publisher-name>
            <year iso-8601-date="2025-03">2025</year>
            <month>03</month>
            <date-in-citation content-type="access-date">
              <year iso-8601-date="2025-07-16">2025</year>
              <month>07</month>
              <day>16</day>
            </date-in-citation>
            <volume>44</volume>
            <issue>2</issue>
            <issn>0732-2399</issn>
            <pub-id pub-id-type="doi">10.1287/mksc.2023.0274</pub-id>
            <fpage>268</fpage>
            <lpage>286</lpage>
          </element-citation>
        </ref>
      </ref-list>
    </back>
  </sub-article>
  <sub-article article-type="notebook" id="nb-14-nb-4">
    <front-stub>
      <title-group>
        <article-title>Towards solutions with impact : rebridging the digital
gap in areas</article-title>
      </title-group>
      <contrib-group>
        <contrib contrib-type="author">
          <name>
            <surname>Deventer</surname>
            <given-names>Frederik J. Van</given-names>
          </name>
          <string-name>Frederik J. Van Deventer</string-name>
        </contrib>
      </contrib-group>
    </front-stub>
    <body>
      <sec id="context-nb-4">
        <title>Context</title>
        <p>The digital divide is not a new phenomenon. It is usually described
  as the gap existing between those whore are able to make use of
  Internet and Communication Technologies (ICTs) and those who can not
  (<xref alt="Van Dijk 2017" rid="ref-van2017digital-nb-4" ref-type="bibr">Van
  Dijk 2017</xref>). This has a number of levels of inequality
  (<xref alt="Lythreatis, Singh, and El-Kassar 2022" rid="ref-lythreatisDigitalDivideReview2022-nb-4" ref-type="bibr">Lythreatis,
  Singh, and El-Kassar 2022</xref>)</p>
      </sec>
      <sec id="solution-nb-4">
        <title>Solution</title>
        <p>Mobile stations that serve as a gateway for simple phones.</p>
      </sec>
    </body>
    <back>
      <ref-list>
        <title/>
        <ref id="ref-lythreatisDigitalDivideReview2022-nb-4">
          <element-citation publication-type="article-journal">
            <person-group person-group-type="author">
              <name>
                <surname>Lythreatis</surname>
                <given-names>Sophie</given-names>
              </name>
              <name>
                <surname>Singh</surname>
                <given-names>Sanjay Kumar</given-names>
              </name>
              <name>
                <surname>El-Kassar</surname>
                <given-names>Abdul-Nasser</given-names>
              </name>
            </person-group>
            <article-title>The digital divide: A review and future research agenda</article-title>
            <source>Technological Forecasting and Social Change</source>
            <year iso-8601-date="2022-02">2022</year>
            <month>02</month>
            <date-in-citation content-type="access-date">
              <year iso-8601-date="2025-07-22">2025</year>
              <month>07</month>
              <day>22</day>
            </date-in-citation>
            <volume>175</volume>
            <issn>0040-1625</issn>
            <pub-id pub-id-type="doi">10.1016/j.techfore.2021.121359</pub-id>
            <fpage>121359</fpage>
            <lpage/>
          </element-citation>
        </ref>
        <ref id="ref-van2017digital-nb-4">
          <element-citation publication-type="article-journal">
            <person-group person-group-type="author">
              <name>
                <surname>Van Dijk</surname>
                <given-names>JAGM</given-names>
              </name>
            </person-group>
            <article-title>Digital divide: Impact of access</article-title>
            <source>The international encyclopedia of media effects</source>
            <year iso-8601-date="2017">2017</year>
            <volume>1</volume>
            <fpage>1</fpage>
            <lpage>11</lpage>
          </element-citation>
        </ref>
      </ref-list>
    </back>
  </sub-article>
</article>
