<?xml version="1.0" encoding="utf-8"?>
<!DOCTYPE article PUBLIC "-//NLM//DTD JATS (Z39.96) Journal Archiving
and Interchange DTD v1.2 20190208//EN" "JATS-archivearticle1.dtd">
<article xmlns:mml="http://www.w3.org/1998/Math/MathML" xmlns:xlink="http://www.w3.org/1999/xlink" dtd-version="1.2" article-type="other">
  <front>
    <article-meta>
      <title-group>
        <article-title>Mapping changes in lived realities for today’s
youth</article-title>
      </title-group>
      <contrib-group>
        <contrib contrib-type="author" corresp="yes">
          <name>
            <surname>Deventer</surname>
            <given-names>Frederik J</given-names>
          </name>
          <string-name>Frederik J van Deventer</string-name>
          <role vocab="https://credit.niso.org" vocab-term="writing – original draft" vocab-term-identifier="https://credit.niso.org/contributor-roles/writing-original-draft/">writing</role>
          <xref ref-type="aff" rid="aff-1">a</xref>
          <xref ref-type="corresp" rid="cor-1">*</xref>
        </contrib>
      </contrib-group>
      <aff id="aff-1">
        <institution-wrap>
          <institution>HAN University of Applied Sciences</institution>
        </institution-wrap>
      </aff>
      <author-notes>
        <corresp id="cor-1"/>
      </author-notes>
      <history/>
      <kwd-group kwd-group-type="author">
        <kwd>genAI, lived realities, privacy</kwd>
      </kwd-group>
    </article-meta>
  </front>
  <body>
    <sec id="introduction">
      <title>Introduction</title>
      <p>Generative Artifical Intelligence (genAI), a specific form of
  Artifical Intelligence harnessing the power of Large Language Models
  to <italic>generate</italic> new output based on vast and widely
  generalized data sources, is rapidly transforming our lives. Ranging
  from reshaping how we work
  (<xref alt="Joshi 2025" rid="ref-joshi2025transformative" ref-type="bibr">Joshi
  2025</xref>) and how we learn
  (<xref alt="Perifanou and Economides 2025" rid="ref-perifanouCollaborativeUsesGenAI2025" ref-type="bibr">Perifanou
  and Economides 2025</xref>), to changing criminal behaviour
  (<xref alt="Ferrara 2024" rid="ref-ferraraGenAIHumanityNefarious2024" ref-type="bibr">Ferrara
  2024</xref>) and even influencing democratization
  (<xref alt="Cupać, Schopmans, and Tuncer-Ebetürk 2024" rid="ref-cupacDemocratizationAgeArtificial2024" ref-type="bibr">Cupać,
  Schopmans, and Tuncer-Ebetürk 2024</xref>).</p>
      <p>Life in the age of genAI however, comes at a tremendous physical
  cost for our planet
  (<xref alt="Crawford 2021" rid="ref-crawford2021atlas" ref-type="bibr">Crawford
  2021</xref>). The physical extraction of metals for chips to enable
  the machines to run the models [], the power consumption to drive the
  machines and then again for cooling is outgrowing the planned
  construction of the power grid at a breakneck speed
  (<xref alt="Lin et al. 2024" rid="ref-linExplodingAIPower2024" ref-type="bibr">Lin
  et al. 2024</xref>), outpacing policy and lawmakers.</p>
      <p>As with all transformative technologies there is firstly a real
  oppurtunity, in the increased productivity and the access to tools .
  Secondly a real threat, in the form of misinformation, criminal
  activity,
  (<xref alt="Ferrara 2024" rid="ref-ferraraGenAIHumanityNefarious2024" ref-type="bibr">Ferrara
  2024</xref>) and the undermining of autonomy
  (<xref alt="Cupać, Schopmans, and Tuncer-Ebetürk 2024" rid="ref-cupacDemocratizationAgeArtificial2024" ref-type="bibr">Cupać,
  Schopmans, and Tuncer-Ebetürk 2024</xref>). Thirdly a challenge for
  the use of resources and electricity that needs new solutions at
  scale.</p>
      <p>Technology is not a neutral phenomenon with inherently positive
  outcomes.</p>
      <sec id="gap">
        <title>Gap</title>
        <p>We do not know how AI will reshape the future of our human
    development, but there are some guesses we can make and historical
    lessons we can take into account. In all the major jumps in
    technological advancement that brought about societal change: steam
    engine, electricity, communications, digital communication and now
    the more broadly available statistical models that “converse” with
    us through chat like ChatGPT, we have seen that regulation and
    policy fueled by ideology has been the driver for the direction this
    advancement would take us
    (<xref alt="Johnson and Acemoglu 2023, 57" rid="ref-johnsonPowerProgressOur2023" ref-type="bibr">Johnson
    and Acemoglu 2023, 57</xref>).</p>
        <p>Much of the research regarding AI has been focussing on improving
    models [], effects for legislation [], impact on education [], but
    not increasing agency and freedom what the UNDP describes as
    indicative of improving human development
    (<xref alt="UNDP 2025" rid="ref-undpHumanDevelopmentReport2025" ref-type="bibr">UNDP
    2025</xref>).</p>
        <p>What is lacking then from scientific discourse is a systematic
    analysis of the factors that have been able to increase agency and
    in different areas like education, the work place, and at home.</p>
      </sec>
      <sec id="hook">
        <title>Hook</title>
        <p>The ideological belief that when the models become better our
    planet will become better are baseless and naive. We need to figure
    out ways where this powerful technology can become a force with
    guidance to a better world.</p>
      </sec>
    </sec>
    <sec id="research-questions">
      <title>Research Questions</title>
      <list list-type="bullet">
        <list-item>
          <p>How do we harness the accelerated changes GenAI is bringing to
      foster empowerment, freedom and increased human agency as opposed
      to oppression and machine driven decision-making?</p>
        </list-item>
      </list>
    </sec>
    <sec id="sub-questions">
      <title>Sub questions</title>
      <list list-type="bullet">
        <list-item>
          <p>What challenges arise when deploying GenAI at world scale?</p>
        </list-item>
        <list-item>
          <p>What policies and laws have been instrumental in steering
      technologically driven societal transformation in the past and
      where has it failed?</p>
        </list-item>
        <list-item>
          <p>What opportunities are still open?</p>
        </list-item>
      </list>
    </sec>
  </body>
  <back>
    <ref-list>
      <title>References</title>
      <ref id="ref-crawford2021atlas">
        <element-citation publication-type="book">
          <person-group person-group-type="author">
            <name>
              <surname>Crawford</surname>
              <given-names>Kate</given-names>
            </name>
          </person-group>
          <source>The atlas of AI: Power, politics, and the planetary costs of artificial intelligence</source>
          <publisher-name>Yale University Press</publisher-name>
          <year iso-8601-date="2021">2021</year>
        </element-citation>
      </ref>
      <ref id="ref-cupacDemocratizationAgeArtificial2024">
        <element-citation publication-type="article-journal">
          <person-group person-group-type="author">
            <name>
              <surname>Cupać</surname>
              <given-names>Jelena</given-names>
            </name>
            <name>
              <surname>Schopmans</surname>
              <given-names>Hendrik</given-names>
            </name>
            <name>
              <surname>Tuncer-Ebetürk</surname>
              <given-names>İrem</given-names>
            </name>
          </person-group>
          <article-title>Democratization in the age of artificial intelligence: Introduction to the special issue</article-title>
          <source>Democratization</source>
          <publisher-name>Routledge</publisher-name>
          <year iso-8601-date="2024-07">2024</year>
          <month>07</month>
          <date-in-citation content-type="access-date">
            <year iso-8601-date="2026-01-08">2026</year>
            <month>01</month>
            <day>08</day>
          </date-in-citation>
          <volume>31</volume>
          <issue>5</issue>
          <issn>1351-0347</issn>
          <pub-id pub-id-type="doi">10.1080/13510347.2024.2338852</pub-id>
          <fpage>899</fpage>
          <lpage>921</lpage>
        </element-citation>
      </ref>
      <ref id="ref-ferraraGenAIHumanityNefarious2024">
        <element-citation publication-type="article-journal">
          <person-group person-group-type="author">
            <name>
              <surname>Ferrara</surname>
              <given-names>Emilio</given-names>
            </name>
          </person-group>
          <article-title>GenAI against humanity: Nefarious applications of generative artificial intelligence and large language models</article-title>
          <source>Journal of Computational Social Science</source>
          <year iso-8601-date="2024-04">2024</year>
          <month>04</month>
          <date-in-citation content-type="access-date">
            <year iso-8601-date="2025-09-17">2025</year>
            <month>09</month>
            <day>17</day>
          </date-in-citation>
          <volume>7</volume>
          <issue>1</issue>
          <issn>2432-2717, 2432-2725</issn>
          <pub-id pub-id-type="doi">10.1007/s42001-024-00250-1</pub-id>
          <fpage>549</fpage>
          <lpage>569</lpage>
        </element-citation>
      </ref>
      <ref id="ref-johnsonPowerProgressOur2023">
        <element-citation publication-type="book">
          <person-group person-group-type="author">
            <name>
              <surname>Johnson</surname>
              <given-names>Simon</given-names>
            </name>
            <name>
              <surname>Acemoglu</surname>
              <given-names>Daron</given-names>
            </name>
          </person-group>
          <source>Power and Progress: Our Thousand-Year Struggle Over Technology and Prosperity</source>
          <publisher-name>Hachette UK</publisher-name>
          <year iso-8601-date="2023-05">2023</year>
          <month>05</month>
          <isbn>978-1-3998-0448-6</isbn>
        </element-citation>
      </ref>
      <ref id="ref-joshi2025transformative">
        <element-citation publication-type="article-journal">
          <person-group person-group-type="author">
            <name>
              <surname>Joshi</surname>
              <given-names>Satyadhar</given-names>
            </name>
          </person-group>
          <article-title>The transformative role of agentic GenAI in shaping workforce development and education in the US</article-title>
          <source>Available at SSRN 5133376</source>
          <year iso-8601-date="2025">2025</year>
        </element-citation>
      </ref>
      <ref id="ref-linExplodingAIPower2024">
        <element-citation publication-type="paper-conference">
          <person-group person-group-type="author">
            <name>
              <surname>Lin</surname>
              <given-names>Liuzixuan</given-names>
            </name>
            <name>
              <surname>Wijayawardana</surname>
              <given-names>Rajini</given-names>
            </name>
            <name>
              <surname>Rao</surname>
              <given-names>Varsha</given-names>
            </name>
            <name>
              <surname>Nguyen</surname>
              <given-names>Hai</given-names>
            </name>
            <name>
              <surname>Gnibga</surname>
              <given-names>Emmanuel Wedan</given-names>
            </name>
            <name>
              <surname>Chien</surname>
              <given-names>Andrew A.</given-names>
            </name>
          </person-group>
          <article-title>Exploding AI Power Use: An Opportunity to Rethink Grid Planning and Management</article-title>
          <source>The 15th ACM International Conference on Future and Sustainable Energy Systems</source>
          <publisher-name>ACM</publisher-name>
          <publisher-loc>Singapore Singapore</publisher-loc>
          <year iso-8601-date="2024-06">2024</year>
          <month>06</month>
          <date-in-citation content-type="access-date">
            <year iso-8601-date="2025-12-15">2025</year>
            <month>12</month>
            <day>15</day>
          </date-in-citation>
          <isbn>979-8-4007-0480-2</isbn>
          <pub-id pub-id-type="doi">10.1145/3632775.3661959</pub-id>
          <fpage>434</fpage>
          <lpage>441</lpage>
        </element-citation>
      </ref>
      <ref id="ref-perifanouCollaborativeUsesGenAI2025">
        <element-citation publication-type="article-journal">
          <person-group person-group-type="author">
            <name>
              <surname>Perifanou</surname>
              <given-names>Maria</given-names>
            </name>
            <name>
              <surname>Economides</surname>
              <given-names>Anastasios A.</given-names>
            </name>
          </person-group>
          <article-title>Collaborative Uses of GenAI Tools in Project-Based Learning</article-title>
          <source>Education Sciences</source>
          <publisher-name>Multidisciplinary Digital Publishing Institute</publisher-name>
          <year iso-8601-date="2025-03">2025</year>
          <month>03</month>
          <date-in-citation content-type="access-date">
            <year iso-8601-date="2025-11-11">2025</year>
            <month>11</month>
            <day>11</day>
          </date-in-citation>
          <volume>15</volume>
          <issue>3</issue>
          <issn>2227-7102</issn>
          <pub-id pub-id-type="doi">10.3390/educsci15030354</pub-id>
          <fpage>354</fpage>
          <lpage/>
        </element-citation>
      </ref>
      <ref id="ref-undpHumanDevelopmentReport2025">
        <element-citation publication-type="article-journal">
          <person-group person-group-type="author">
            <name>
              <surname>UNDP</surname>
            </name>
          </person-group>
          <article-title>Human development report 2025</article-title>
          <source>UNDP (United Nations Development Programme)</source>
          <publisher-loc>New York</publisher-loc>
          <year iso-8601-date="2025">2025</year>
        </element-citation>
      </ref>
    </ref-list>
  </back>
</article>
