<?xml version="1.0" encoding="utf-8"?>
<!DOCTYPE article PUBLIC "-//NLM//DTD JATS (Z39.96) Journal Archiving
and Interchange DTD v1.2 20190208//EN" "JATS-archivearticle1.dtd">
<article xmlns:mml="http://www.w3.org/1998/Math/MathML" xmlns:xlink="http://www.w3.org/1999/xlink" dtd-version="1.2" article-type="other">
  <front>
    <article-meta>
      <title-group>
        <article-title>Mapping changes in lived realities for today’s
youth</article-title>
      </title-group>
      <contrib-group>
        <contrib contrib-type="author" corresp="yes">
          <name>
            <surname>Deventer</surname>
            <given-names>Frederik J</given-names>
          </name>
          <string-name>Frederik J van Deventer</string-name>
          <role vocab="https://credit.niso.org" vocab-term="writing – original draft" vocab-term-identifier="https://credit.niso.org/contributor-roles/writing-original-draft/">writing</role>
          <xref ref-type="aff" rid="aff-1">a</xref>
          <xref ref-type="corresp" rid="cor-1">*</xref>
        </contrib>
      </contrib-group>
      <aff id="aff-1">
        <institution-wrap>
          <institution>HAN University of Applied Sciences</institution>
        </institution-wrap>
      </aff>
      <author-notes>
        <corresp id="cor-1"/>
      </author-notes>
      <history/>
      <kwd-group kwd-group-type="author">
        <kwd>genAI, lived realities, privacy</kwd>
      </kwd-group>
    </article-meta>
  </front>
  <body>
    <sec id="problem">
      <title>Problem</title>
      <p>AI developments and specifically GenAI with the likes of ChatGPT
  have skyrocketed demand for land, power and natural resources as data
  centers need to expand. Digital solutions have impact in physical
  realities. The promise of technology is always that x will solve y in
  numerous cases. Nanotechnology, blockchain, big data analysis all
  claim the same, but we’re increasingly living in a world with bigger
  divides between the poorest and the richest.</p>
    </sec>
    <sec id="gap">
      <title>Gap</title>
      <p>Much research has been done on using waste heat
  (<xref alt="Terenius, Garraghan, and Harper 2023" rid="ref-tereniusMaterialSocialView2023" ref-type="bibr">Terenius,
  Garraghan, and Harper 2023</xref>), the impact on the environment the
  data centers themselves are having [], its construction phase
  (<xref alt="Núñez-Morales, Jung, and Golparvar-Fard 2025" rid="ref-nunez-moralesTrueEnvironmentalCost2025" ref-type="bibr">Núñez-Morales,
  Jung, and Golparvar-Fard 2025</xref>) and water use
  (<xref alt="Hogan 2015" rid="ref-hoganDataFlowsWater2015" ref-type="bibr">Hogan
  2015</xref>), but the societal influence of reshaping of physical
  space is unknown. The magnitude of influence is often counterposed
  with the inevitable excellence this AI will propel us in. Is this
  justified?</p>
    </sec>
    <sec id="hook">
      <title>Hook</title>
      <p>In this research I use the hypothesis that the way the digital
  advances influence physical space through the construction and
  maintenance of data centers and the resources it requires are bound to
  have a significant influence in lived realities where these data
  centers are being built.</p>
    </sec>
    <sec id="introduction">
      <title>Introduction</title>
      <p>New ways to use Generative Artifical Intelligence (genAI) for a
  large scala of applications such as increasing productivity [],
  berievement
  (<xref alt="Su 2025" rid="ref-suRightRealityHuman2025" ref-type="bibr">Su
  2025</xref>) and even criminal behaviour
  (<xref alt="Ferrara 2024" rid="ref-ferraraGenAIHumanityNefarious2024" ref-type="bibr">Ferrara
  2024</xref>) are coming at us fast. GenAI is rapidly reshaping how we
  work
  (<xref alt="Joshi 2025" rid="ref-joshi2025transformative" ref-type="bibr">Joshi
  2025</xref>), how we sleep [], and how learn
  (<xref alt="Perifanou and Economides 2025" rid="ref-perifanouCollaborativeUsesGenAI2025" ref-type="bibr">Perifanou
  and Economides 2025</xref>).</p>
      <p>Generative Artifical Intelligence (genAI), a specific form of
  Artifical Intelligence harnessing the power of Large Language Models
  to <italic>generate</italic> new output based on vast and widwes data
  sources, is rapidly transforming our lives. Ranging from reshaping how
  we work
  (<xref alt="Joshi 2025" rid="ref-joshi2025transformative" ref-type="bibr">Joshi
  2025</xref>) and how learn
  (<xref alt="Perifanou and Economides 2025" rid="ref-perifanouCollaborativeUsesGenAI2025" ref-type="bibr">Perifanou
  and Economides 2025</xref>), to changing criminal behaviour
  (<xref alt="Ferrara 2024" rid="ref-ferraraGenAIHumanityNefarious2024" ref-type="bibr">Ferrara
  2024</xref>) and even influencing democratization
  (<xref alt="Cupać, Schopmans, and Tuncer-Ebetürk 2024" rid="ref-cupacDemocratizationAgeArtificial2024" ref-type="bibr">Cupać,
  Schopmans, and Tuncer-Ebetürk 2024</xref>)</p>
      <p>Life in the age of genAI however, comes at a tremendous physical
  cost for our planet
  (<xref alt="Crawford 2021" rid="ref-crawford2021atlas" ref-type="bibr">Crawford
  2021</xref>). The physical extraction of metals for chips to enable
  the machines to run the models [], the power consumption to drive the
  machines and then again for cooling is outgrowing the planned
  construction of the power grid at a breakneck speed
  (<xref alt="Lin et al. 2024" rid="ref-linExplodingAIPower2024" ref-type="bibr">Lin
  et al. 2024</xref>). The relation we have to work and what kind of
  tasks can be performed and automated by machines is rapidly
  changing.</p>
      <p>The impact will be most felt by people where labour and land are
  cheap and valuable resources, such as metals, are believed to be
  extracted successfully.</p>
      <p>The youth of our world will have to deal with the devastation and
  hopefully also reap its benefits.</p>
      <p>Worldwide the largest population group by 85% in 2050 is estimated
  to be youth between 15-25. This is the same group that seems
  optimistic about the use of and the benefits of AI
  (<xref alt="UNDP 2025" rid="ref-undpHumanDevelopmentReport2025" ref-type="bibr">UNDP
  2025</xref>) (&lt;— specify with direct citation). </p>
    </sec>
    <sec id="research-questions">
      <title>Research Questions</title>
      <list list-type="bullet">
        <list-item>
          <p>How do we harness the accelerated changes GenAI is bringing to
      foster empowerment, freedom and increased human agency as opposed
      to oppression and machine driven decision-making?</p>
        </list-item>
      </list>
    </sec>
    <sec id="sub-questions">
      <title>Sub questions</title>
      <list list-type="bullet">
        <list-item>
          <p>What physical changes does the coming of new data centers have
      on lived realities?</p>
        </list-item>
        <list-item>
          <p>What opportunities does this entail?</p>
        </list-item>
        <list-item>
          <p>What</p>
        </list-item>
      </list>
    </sec>
  </body>
  <back>
    <ref-list>
      <title>References</title>
      <ref id="ref-crawford2021atlas">
        <element-citation publication-type="book">
          <person-group person-group-type="author">
            <name>
              <surname>Crawford</surname>
              <given-names>Kate</given-names>
            </name>
          </person-group>
          <source>The atlas of AI: Power, politics, and the planetary costs of artificial intelligence</source>
          <publisher-name>Yale University Press</publisher-name>
          <year iso-8601-date="2021">2021</year>
        </element-citation>
      </ref>
      <ref id="ref-cupacDemocratizationAgeArtificial2024">
        <element-citation publication-type="article-journal">
          <person-group person-group-type="author">
            <name>
              <surname>Cupać</surname>
              <given-names>Jelena</given-names>
            </name>
            <name>
              <surname>Schopmans</surname>
              <given-names>Hendrik</given-names>
            </name>
            <name>
              <surname>Tuncer-Ebetürk</surname>
              <given-names>İrem</given-names>
            </name>
          </person-group>
          <article-title>Democratization in the age of artificial intelligence: Introduction to the special issue</article-title>
          <source>Democratization</source>
          <publisher-name>Routledge</publisher-name>
          <year iso-8601-date="2024-07">2024</year>
          <month>07</month>
          <date-in-citation content-type="access-date">
            <year iso-8601-date="2026-01-08">2026</year>
            <month>01</month>
            <day>08</day>
          </date-in-citation>
          <volume>31</volume>
          <issue>5</issue>
          <issn>1351-0347</issn>
          <pub-id pub-id-type="doi">10.1080/13510347.2024.2338852</pub-id>
          <fpage>899</fpage>
          <lpage>921</lpage>
        </element-citation>
      </ref>
      <ref id="ref-ferraraGenAIHumanityNefarious2024">
        <element-citation publication-type="article-journal">
          <person-group person-group-type="author">
            <name>
              <surname>Ferrara</surname>
              <given-names>Emilio</given-names>
            </name>
          </person-group>
          <article-title>GenAI against humanity: Nefarious applications of generative artificial intelligence and large language models</article-title>
          <source>Journal of Computational Social Science</source>
          <year iso-8601-date="2024-04">2024</year>
          <month>04</month>
          <date-in-citation content-type="access-date">
            <year iso-8601-date="2025-09-17">2025</year>
            <month>09</month>
            <day>17</day>
          </date-in-citation>
          <volume>7</volume>
          <issue>1</issue>
          <issn>2432-2717, 2432-2725</issn>
          <pub-id pub-id-type="doi">10.1007/s42001-024-00250-1</pub-id>
          <fpage>549</fpage>
          <lpage>569</lpage>
        </element-citation>
      </ref>
      <ref id="ref-hoganDataFlowsWater2015">
        <element-citation publication-type="article-journal">
          <person-group person-group-type="author">
            <name>
              <surname>Hogan</surname>
              <given-names>Mél</given-names>
            </name>
          </person-group>
          <article-title>Data flows and water woes: The Utah Data Center</article-title>
          <source>Big Data &amp; Society</source>
          <publisher-name>SAGE Publications Ltd</publisher-name>
          <year iso-8601-date="2015-12">2015</year>
          <month>12</month>
          <date-in-citation content-type="access-date">
            <year iso-8601-date="2025-12-16">2025</year>
            <month>12</month>
            <day>16</day>
          </date-in-citation>
          <volume>2</volume>
          <issue>2</issue>
          <issn>2053-9517</issn>
          <pub-id pub-id-type="doi">10.1177/2053951715592429</pub-id>
          <fpage>2053951715592429</fpage>
          <lpage/>
        </element-citation>
      </ref>
      <ref id="ref-joshi2025transformative">
        <element-citation publication-type="article-journal">
          <person-group person-group-type="author">
            <name>
              <surname>Joshi</surname>
              <given-names>Satyadhar</given-names>
            </name>
          </person-group>
          <article-title>The transformative role of agentic GenAI in shaping workforce development and education in the US</article-title>
          <source>Available at SSRN 5133376</source>
          <year iso-8601-date="2025">2025</year>
        </element-citation>
      </ref>
      <ref id="ref-linExplodingAIPower2024">
        <element-citation publication-type="paper-conference">
          <person-group person-group-type="author">
            <name>
              <surname>Lin</surname>
              <given-names>Liuzixuan</given-names>
            </name>
            <name>
              <surname>Wijayawardana</surname>
              <given-names>Rajini</given-names>
            </name>
            <name>
              <surname>Rao</surname>
              <given-names>Varsha</given-names>
            </name>
            <name>
              <surname>Nguyen</surname>
              <given-names>Hai</given-names>
            </name>
            <name>
              <surname>Gnibga</surname>
              <given-names>Emmanuel Wedan</given-names>
            </name>
            <name>
              <surname>Chien</surname>
              <given-names>Andrew A.</given-names>
            </name>
          </person-group>
          <article-title>Exploding AI Power Use: An Opportunity to Rethink Grid Planning and Management</article-title>
          <source>The 15th ACM International Conference on Future and Sustainable Energy Systems</source>
          <publisher-name>ACM</publisher-name>
          <publisher-loc>Singapore Singapore</publisher-loc>
          <year iso-8601-date="2024-06">2024</year>
          <month>06</month>
          <date-in-citation content-type="access-date">
            <year iso-8601-date="2025-12-15">2025</year>
            <month>12</month>
            <day>15</day>
          </date-in-citation>
          <isbn>979-8-4007-0480-2</isbn>
          <pub-id pub-id-type="doi">10.1145/3632775.3661959</pub-id>
          <fpage>434</fpage>
          <lpage>441</lpage>
        </element-citation>
      </ref>
      <ref id="ref-nunez-moralesTrueEnvironmentalCost2025">
        <element-citation publication-type="article-journal">
          <person-group person-group-type="author">
            <name>
              <surname>Núñez-Morales</surname>
              <given-names>Juan D</given-names>
            </name>
            <name>
              <surname>Jung</surname>
              <given-names>Yoonhwa</given-names>
            </name>
            <name>
              <surname>Golparvar-Fard</surname>
              <given-names>Mani</given-names>
            </name>
          </person-group>
          <article-title>The True Environmental Cost of Data Centers: An Insight into the Construction Phase of the Era of Artificial Intelligence</article-title>
          <year iso-8601-date="2025">2025</year>
        </element-citation>
      </ref>
      <ref id="ref-perifanouCollaborativeUsesGenAI2025">
        <element-citation publication-type="article-journal">
          <person-group person-group-type="author">
            <name>
              <surname>Perifanou</surname>
              <given-names>Maria</given-names>
            </name>
            <name>
              <surname>Economides</surname>
              <given-names>Anastasios A.</given-names>
            </name>
          </person-group>
          <article-title>Collaborative Uses of GenAI Tools in Project-Based Learning</article-title>
          <source>Education Sciences</source>
          <publisher-name>Multidisciplinary Digital Publishing Institute</publisher-name>
          <year iso-8601-date="2025-03">2025</year>
          <month>03</month>
          <date-in-citation content-type="access-date">
            <year iso-8601-date="2025-11-11">2025</year>
            <month>11</month>
            <day>11</day>
          </date-in-citation>
          <volume>15</volume>
          <issue>3</issue>
          <issn>2227-7102</issn>
          <pub-id pub-id-type="doi">10.3390/educsci15030354</pub-id>
          <fpage>354</fpage>
          <lpage/>
        </element-citation>
      </ref>
      <ref id="ref-suRightRealityHuman2025">
        <element-citation publication-type="article-journal">
          <person-group person-group-type="author">
            <name>
              <surname>Su</surname>
              <given-names>Anna</given-names>
            </name>
          </person-group>
          <article-title>A Right to Reality: Human Dignity and Generative AI</article-title>
          <source>Nordic Journal of Human Rights</source>
          <year iso-8601-date="2025-12">2025</year>
          <month>12</month>
          <date-in-citation content-type="access-date">
            <year iso-8601-date="2025-12-15">2025</year>
            <month>12</month>
            <day>15</day>
          </date-in-citation>
          <issn>1891-8131, 1891-814X</issn>
          <pub-id pub-id-type="doi">10.1080/18918131.2025.2582990</pub-id>
          <fpage>1</fpage>
          <lpage>18</lpage>
        </element-citation>
      </ref>
      <ref id="ref-tereniusMaterialSocialView2023">
        <element-citation publication-type="article-journal">
          <person-group person-group-type="author">
            <name>
              <surname>Terenius</surname>
              <given-names>Petter</given-names>
            </name>
            <name>
              <surname>Garraghan</surname>
              <given-names>Peter</given-names>
            </name>
            <name>
              <surname>Harper</surname>
              <given-names>Richard</given-names>
            </name>
          </person-group>
          <article-title>A material social view on data center waste heat: Novel uses and metrics</article-title>
          <source>Frontiers in Sustainability</source>
          <year iso-8601-date="2023-01">2023</year>
          <month>01</month>
          <date-in-citation content-type="access-date">
            <year iso-8601-date="2025-12-16">2025</year>
            <month>12</month>
            <day>16</day>
          </date-in-citation>
          <volume>3</volume>
          <issn>2673-4524</issn>
          <pub-id pub-id-type="doi">10.3389/frsus.2022.1008583</pub-id>
          <fpage>1008583</fpage>
          <lpage/>
        </element-citation>
      </ref>
      <ref id="ref-undpHumanDevelopmentReport2025">
        <element-citation publication-type="article-journal">
          <person-group person-group-type="author">
            <name>
              <surname>UNDP</surname>
            </name>
          </person-group>
          <article-title>Human development report 2025</article-title>
          <source>UNDP (United Nations Development Programme)</source>
          <publisher-loc>New York</publisher-loc>
          <year iso-8601-date="2025">2025</year>
        </element-citation>
      </ref>
    </ref-list>
  </back>
</article>
