<?xml version="1.0" encoding="utf-8"?>
<!DOCTYPE article PUBLIC "-//NLM//DTD JATS (Z39.96) Journal Archiving
and Interchange DTD v1.2 20190208//EN" "JATS-archivearticle1.dtd">
<article xmlns:mml="http://www.w3.org/1998/Math/MathML" xmlns:xlink="http://www.w3.org/1999/xlink" dtd-version="1.2" article-type="other">
  <front>
    <article-meta>
      <title-group>
        <article-title>PhD Proposal</article-title>
      </title-group>
      <contrib-group>
        <contrib contrib-type="author" corresp="yes">
          <name>
            <surname>Deventer</surname>
            <given-names>Frederik J</given-names>
          </name>
          <string-name>Frederik J van Deventer</string-name>
          <role vocab="https://credit.niso.org" vocab-term="writing – original draft" vocab-term-identifier="https://credit.niso.org/contributor-roles/writing-original-draft/">writing</role>
          <xref ref-type="aff" rid="aff-1">a</xref>
          <xref ref-type="corresp" rid="cor-1">*</xref>
        </contrib>
      </contrib-group>
      <aff id="aff-1">
        <institution-wrap>
          <institution>HAN University of Applied Sciences</institution>
        </institution-wrap>
      </aff>
      <author-notes>
        <corresp id="cor-1"/>
      </author-notes>
      <history/>
    </article-meta>
  </front>
  <body>
    <sec id="introduction">
      <title>Introduction</title>
      <p>For most people exchanging data, even personal data has become
  essential to their day to day life. We exchange messages, store data
  about our health, and use apps where the exchange of our coordinates
  on this earth are accurate up to about 1-2 meters. As we do not pay
  for these services and these companies thrive on the use of our data
  and tracking our every move, serious concerns are being raised about
  the risks on an individual and societal level
  (<xref alt="Rathenau Instituut 2025" rid="ref-rathenauinstituutPrijsVanGratis2025" ref-type="bibr">Rathenau
  Instituut 2025</xref>). From a government perspective biometric data
  is collected for refugees registering to seek asylum
  (<xref alt="Farraj 2010" rid="ref-farraj2010refugees" ref-type="bibr">Farraj
  2010</xref>) and we have seen a surge in digital health passes during
  and after COVID-19
  (<xref alt="Mithani et al. 2022" rid="ref-mithani2022scoping" ref-type="bibr">Mithani
  et al. 2022</xref>). Haiti saw one of the most effective participation
  in crowdsourced mapping through Ushahidi
  (<xref alt="Norheim-Hagtun and Meier 2010" rid="ref-norheim2010crowdsourcing" ref-type="bibr">Norheim-Hagtun
  and Meier 2010</xref>). Some of these efforts are well intended and do
  a lot of good Organisation
  (<xref alt="n.d." rid="ref-worldhealthorganisationGlobalDigitalHealth" ref-type="bibr">n.d.</xref>),
  but this tracking of biometric and social data is also used for the
  creation of economic value and has lead to something more than just a
  phenomenon of capitalism; it’s a manifestation of colonialism
  (<xref alt="Couldry and Mejias 2019" rid="ref-couldry2019data" ref-type="bibr">Couldry
  and Mejias 2019</xref>). With new developments in AI this becomes more
  prevalent as data and AI “entrench power assymetries and engender new
  forms of structural violence and new inequities between the global
  South and North”
  (<xref alt="Madianou 2024" rid="ref-madianou2024technocolonialism" ref-type="bibr">Madianou
  2024</xref>). The quest for more users and ever larger expansion has
  led Big Tech (e.g. Google, Meta) to look for areas where internet
  usage is not as widely spread as it is in “the West” and offer
  programs providing a limited set of Internet services (e.g. Project
  Loon
  (<xref alt="“Introducing Project Loon: Balloon-powered Internet Access” 2013" rid="ref-IntroducingProjectLoon2013" ref-type="bibr">“Introducing
  Project Loon: <named-content content-type="nocase">Balloon-powered
  Internet</named-content> Access” 2013</xref>) and Free Basics
  (<xref alt="“Meta Connectivity” n.d." rid="ref-MetaConnectivity" ref-type="bibr">“Meta
  Connectivity” n.d.</xref>)). There is little to no protection or
  privacy for private consumers unless government regulation explicitly
  makes it so, like the GDPR program
  (<xref alt="Arora 2019" rid="ref-arora2019general" ref-type="bibr">Arora
  2019</xref>).</p>
    </sec>
    <sec id="research-questions">
      <title>Research Questions</title>
      <p>In what way can power assymetries between the majority world and
  the minority world be limited by effective legislation towards
  protecting personal data of citizens?</p>
      <p>How can privacy literacy be increased that respects a cultural
  tradition without using a Eurocentric view of individual privacy but
  including a collective privacy?</p>
      <p>What does privacy mean in rural areas</p>
    </sec>
    <sec id="methodology">
      <title>Methodology</title>
      <list list-type="bullet">
        <list-item>
          <p>Qualitative investigation of policy, laws in different
      countries</p>
        </list-item>
        <list-item>
          <p>Questionnaire on usage of internet and awareness of privacy
      concerns..</p>
        </list-item>
      </list>
    </sec>
  </body>
  <back>
    <ref-list>
      <title>References</title>
      <ref id="ref-arora2019general">
        <element-citation publication-type="article-journal">
          <person-group person-group-type="author">
            <name>
              <surname>Arora</surname>
              <given-names>Payal</given-names>
            </name>
          </person-group>
          <article-title>General data protection regulation—A global standard? Privacy futures, digital activism, and surveillance cultures in the Global South</article-title>
          <source>Surveillance &amp; Society</source>
          <year iso-8601-date="2019">2019</year>
          <volume>17</volume>
          <issue>5</issue>
          <fpage>717</fpage>
          <lpage>725</lpage>
        </element-citation>
      </ref>
      <ref id="ref-couldry2019data">
        <element-citation publication-type="article-journal">
          <person-group person-group-type="author">
            <name>
              <surname>Couldry</surname>
              <given-names>Nick</given-names>
            </name>
            <name>
              <surname>Mejias</surname>
              <given-names>Ulises A</given-names>
            </name>
          </person-group>
          <article-title>Data colonialism: Rethinking big data’s relation to the contemporary subject</article-title>
          <source>Television &amp; New Media</source>
          <publisher-name>Sage Publications Sage CA: Los Angeles, CA</publisher-name>
          <year iso-8601-date="2019">2019</year>
          <volume>20</volume>
          <issue>4</issue>
          <fpage>336</fpage>
          <lpage>349</lpage>
        </element-citation>
      </ref>
      <ref id="ref-farraj2010refugees">
        <element-citation publication-type="article-journal">
          <person-group person-group-type="author">
            <name>
              <surname>Farraj</surname>
              <given-names>Achraf</given-names>
            </name>
          </person-group>
          <article-title>Refugees and the biometric future: The impact of biometrics on refugees and asylum seekers</article-title>
          <publisher-name>HeinOnline</publisher-name>
          <year iso-8601-date="2010">2010</year>
          <volume>42</volume>
          <fpage>891</fpage>
          <lpage/>
        </element-citation>
      </ref>
      <ref id="ref-IntroducingProjectLoon2013">
        <element-citation>
          <article-title>Introducing Project Loon: Balloon-powered Internet access</article-title>
          <source>Google</source>
          <publisher-name>https://blog.google/alphabet/introducing-project-loon/</publisher-name>
          <year iso-8601-date="2013-06">2013</year>
          <month>06</month>
          <date-in-citation content-type="access-date">
            <year iso-8601-date="2025-07-10">2025</year>
            <month>07</month>
            <day>10</day>
          </date-in-citation>
        </element-citation>
      </ref>
      <ref id="ref-madianou2024technocolonialism">
        <element-citation publication-type="book">
          <person-group person-group-type="author">
            <name>
              <surname>Madianou</surname>
              <given-names>Mirca</given-names>
            </name>
          </person-group>
          <source>Technocolonialism: When technology for good is harmful</source>
          <publisher-name>John Wiley &amp; Sons</publisher-name>
          <year iso-8601-date="2024">2024</year>
        </element-citation>
      </ref>
      <ref id="ref-MetaConnectivity">
        <element-citation>
          <article-title>Meta Connectivity</article-title>
          <publisher-name>https://www.facebook.com/connectivity/solutions/free-basics/</publisher-name>
          <date-in-citation content-type="access-date">
            <year iso-8601-date="2025-07-10">2025</year>
            <month>07</month>
            <day>10</day>
          </date-in-citation>
        </element-citation>
      </ref>
      <ref id="ref-mithani2022scoping">
        <element-citation publication-type="article-journal">
          <person-group person-group-type="author">
            <name>
              <surname>Mithani</surname>
              <given-names>Salima S</given-names>
            </name>
            <name>
              <surname>Bota</surname>
              <given-names>A Brianne</given-names>
            </name>
            <name>
              <surname>Zhu</surname>
              <given-names>David T</given-names>
            </name>
            <name>
              <surname>Wilson</surname>
              <given-names>Kumanan</given-names>
            </name>
          </person-group>
          <article-title>A scoping review of global vaccine certificate solutions for COVID-19</article-title>
          <source>Human vaccines &amp; immunotherapeutics</source>
          <publisher-name>Taylor &amp; Francis</publisher-name>
          <year iso-8601-date="2022">2022</year>
          <volume>18</volume>
          <issue>1</issue>
          <fpage>1</fpage>
          <lpage>12</lpage>
        </element-citation>
      </ref>
      <ref id="ref-norheim2010crowdsourcing">
        <element-citation publication-type="article-journal">
          <person-group person-group-type="author">
            <name>
              <surname>Norheim-Hagtun</surname>
              <given-names>Ida</given-names>
            </name>
            <name>
              <surname>Meier</surname>
              <given-names>Patrick</given-names>
            </name>
          </person-group>
          <article-title>Crowdsourcing for crisis mapping in Haiti</article-title>
          <source>Innovations: Technology Governance Globalization</source>
          <year iso-8601-date="2010">2010</year>
          <volume>5</volume>
          <issue>4</issue>
          <fpage>81</fpage>
          <lpage/>
        </element-citation>
      </ref>
      <ref id="ref-rathenauinstituutPrijsVanGratis2025">
        <element-citation publication-type="article-journal">
          <person-group person-group-type="author">
            <string-name>Rathenau Instituut</string-name>
          </person-group>
          <article-title>De prijs van gratis internet</article-title>
          <year iso-8601-date="2025">2025</year>
        </element-citation>
      </ref>
      <ref id="ref-soden2014crowdsourced">
        <element-citation publication-type="paper-conference">
          <person-group person-group-type="author">
            <name>
              <surname>Soden</surname>
              <given-names>Robert</given-names>
            </name>
            <name>
              <surname>Palen</surname>
              <given-names>Leysia</given-names>
            </name>
          </person-group>
          <article-title>From crowdsourced mapping to community mapping: The post-earthquake work of OpenStreetMap Haiti</article-title>
          <source>COOP 2014-proceedings of the 11th international conference on the design of cooperative systems, 27-30 may 2014, nice (france)</source>
          <publisher-name>Springer</publisher-name>
          <year iso-8601-date="2014">2014</year>
          <fpage>311</fpage>
          <lpage>326</lpage>
        </element-citation>
      </ref>
      <ref id="ref-worldhealthorganisationGlobalDigitalHealth">
        <element-citation>
          <person-group person-group-type="author">
            <name>
              <surname>Organisation</surname>
              <given-names>World Health</given-names>
            </name>
          </person-group>
          <article-title>Global Digital Health Certification Network</article-title>
          <source>www.who.int</source>
          <publisher-name>https://www.who.int/initiatives/global-digital-health-certification-network</publisher-name>
          <date-in-citation content-type="access-date">
            <year iso-8601-date="2025-06-26">2025</year>
            <month>06</month>
            <day>26</day>
          </date-in-citation>
        </element-citation>
      </ref>
    </ref-list>
  </back>
  <sub-article article-type="notebook" id="nb-4-nb-1">
    <front-stub>
      <title-group>
        <article-title>Discovering a pattern of privacy literacy in rural Sub
Saharan Africa</article-title>
      </title-group>
      <contrib-group>
        <contrib contrib-type="author">
          <name>
            <surname>Deventer</surname>
            <given-names>Frederik J. Van</given-names>
          </name>
          <string-name>Frederik J. Van Deventer</string-name>
        </contrib>
      </contrib-group>
    </front-stub>
    <body>
      <sec id="context-nb-1">
        <title>Context</title>
        <p>With the rise of digitization and the data it produces, the
  question of ownership of data becomes a contested issue for agents
  such as Indigenous people, consumers and countries
  (<xref alt="Hummel et al. 2021" rid="ref-hummel2021data-nb-1" ref-type="bibr">Hummel
  et al. 2021</xref>). If the ownership is not clear and personal data
  cannot always be obtained
  (<xref alt="Herrmann and Lindemann 2016" rid="ref-herrmannObtainingPersonalData2016-nb-1" ref-type="bibr">Herrmann
  and Lindemann 2016</xref>) it should be clear we should not only look
  to data governance but also to privacy literacy
  (<xref alt="Koltay 2016" rid="ref-koltay2016data-nb-1" ref-type="bibr">Koltay
  2016</xref>). However, much of privacy literacy literature has used
  ethnocentric Western-based ideas of governance and regulation that do
  not take into account the multi-varied ways privacy can be perceived
  in the Global South
  (<xref alt="Arora 2019a" rid="ref-arora2019general-nb-1" ref-type="bibr">Arora
  2019a</xref>,
  <xref alt="2019b" rid="ref-aroraDecolonizingPrivacyStudies2019-nb-1" ref-type="bibr">2019b</xref>).
  Digital privacy today faces a lot of threats. Some Big Tech parties
  have decided to bring a limited version of the internet to the Global
  South in the last decade “Introducing Project Loon:
  <named-content content-type="nocase">Balloon-powered
  Internet</named-content> Access”
  (<xref alt="2013" rid="ref-IntroducingProjectLoon2013-nb-1" ref-type="bibr">2013</xref>).</p>
      </sec>
      <sec id="problem-nb-1">
        <title>Problem</title>
        <p>Understanding what happens with your data is difficult and
  ambigiuous in any context
  (<xref alt="Bartsch and Dienlin 2016" rid="ref-bartschControlYourFacebook2016-nb-1" ref-type="bibr">Bartsch
  and Dienlin 2016</xref>), intuitively this would be even more so where
  internet is free and provided by commercial companies who have an
  interest in obtaining your personal data. Companies like Meta profit
  from tracking users online
  (<xref alt="Wernerfelt et al. 2025" rid="ref-wernerfeltEstimatingValueOffsite2025-nb-1" ref-type="bibr">Wernerfelt
  et al. 2025</xref>). Where the quality or the inner workings of
  zero-rated services are being assessed Sen et al.
  (<xref alt="2017" rid="ref-senWalledGardenDeconstructing2017-nb-1" ref-type="bibr">2017</xref>)
  results are mixed. On the other hand zero-rated services have
  significantly contributed to access to information and appointments
  for Maternal Health or free messaging for HIV/AIDS medical
  appointments
  (<xref alt="Layton and Elaluf-Calderwood 2016" rid="ref-layton2016free-nb-1" ref-type="bibr">Layton
  and Elaluf-Calderwood 2016</xref>). Other critiques of “zero-rating”
  are issues of net-neutrality and gatekeeping
  (<xref alt="Galpaya 2017" rid="ref-galpayaZeroratingEmergingEconomies2017-nb-1" ref-type="bibr">Galpaya
  2017</xref>).</p>
      </sec>
      <sec id="research-questions-nb-1">
        <title>Research questions</title>
        <sec id="main-question-nb-1">
          <title>Main question</title>
          <p>How can people in Sub Saharan Africa benefit from being
    “connected” without sacrificing their privacy?</p>
          <p>
            <bold>(Possible this can be more specified towards a Case Study
    in rural South Africa, or Botswana?)</bold>
          </p>
        </sec>
        <sec id="sub-questions-nb-1">
          <title>Sub-questions</title>
          <list list-type="bullet">
            <list-item>
              <p>What initiatives stand out in amlerioating the digital
        divide?</p>
            </list-item>
            <list-item>
              <p>In what way are people aware of the predicament of sharing
        personal information?</p>
            </list-item>
            <list-item>
              <p>What is the benefit of participating in the digital “online
        world”?</p>
            </list-item>
            <list-item>
              <p>What legislation is in place to ensure digital privacy at a
        national and regional level?</p>
            </list-item>
            <list-item>
              <p>What conflicts between legislation and ethics arise
        concerning privacy?</p>
            </list-item>
            <list-item>
              <p>What are main differences when dealing with privacy in Europe
        and SSA?</p>
            </list-item>
          </list>
        </sec>
      </sec>
      <sec id="conceptual-framework-nb-1">
        <title>Conceptual Framework</title>
        <p>To make sense of this topic I will first set out to place privacy
  and privacy literacy in conceptual framework.</p>
        <p>The model <italic>6 Private I’s</italic> is proposed by
  Hartman-Caverly and Chisholm
  (<xref alt="2023" rid="ref-hartman2023privacy-nb-1" ref-type="bibr">2023</xref>)
  as a way to perceive teach privacy and to recognize that privacy
  firstly concerns people and not just technology.</p>
        <p>According to Rotman
  (<xref alt="2009" rid="ref-rotman2009you-nb-1" ref-type="bibr">2009</xref>)
  for users to consciously decide what happens with their information
  they should go from <italic>understanding, recognizing, realizing,
  evaluating</italic> to <italic>deciding</italic>. But this sounds very
  generic about anything you can teach..</p>
        <p>…</p>
      </sec>
      <sec id="research-methodology-nb-1">
        <title>Research methodology</title>
        <p>At the moment I’m reading Hancké
  (<xref alt="2023" rid="ref-hanckeIntelligentResearchDesign2023-nb-1" ref-type="bibr">2023</xref>)
  and sorting through the vast bibliography of Sovacool, Axsen, and
  Sorrell
  (<xref alt="2018" rid="ref-sovacoolPromotingNoveltyRigor2018-nb-1" ref-type="bibr">2018</xref>)
  to help sort out the methodology part.</p>
        <p>My initial instinct is to do a survey, but I would like to do
  something a bit different. But not sure how to go about this.</p>
        <p>Some other ideas:</p>
        <p>Ideas on how to accomplish this:</p>
        <list list-type="bullet">
          <list-item>
            <p>A/B Testing – do survey’s on 2 groups</p>
            <list list-type="bullet">
              <list-item>
                <p>one group has received a seminar or dissemination of the
          information about privacy the other has not</p>
              </list-item>
            </list>
          </list-item>
          <list-item>
            <p>Do a deeper but not necessarily wider analysis. So perhaps look
      for a few groups of participants in rural Botswana and a few
      groups in urban Botswana. Or try to localize it further by looking
      at interactions wihtin townships.</p>
          </list-item>
          <list-item>
            <p>Data acquisition might be a problem..</p>
          </list-item>
        </list>
      </sec>
      <sec id="significance-nb-1">
        <title>Significance</title>
        <p>A study by Prinsloo and Kaliisa
  (<xref alt="2022" rid="ref-prinslooDataPrivacyAfrican2022-nb-1" ref-type="bibr">2022</xref>)
  has been held to asses specific sub-topics such as student data
  privacy researching regulatory frameworks on the African content. The
  angle here to assess Higher Education Institutes (HEI’s) is helpful as
  it is a very concrete example and produces very clear results. However
  HEI’s are also quite an exclusive segment of society that cannot be
  used to draw broader conclusions. Another study uses a survey in an
  impressive array of countries but has quite a low sample size,
  primarily in the generation we call millenials, which might be the
  most digital and privacy
  literate(<xref alt="“Personal Data and Privacy Barriers to E-Government Adoption, Implementation and Development in Sub-Saharan Africa” 2019" rid="ref-agbozoPersonalDataPrivacy2019-nb-1" ref-type="bibr">“Personal
  Data and Privacy Barriers to E-Government Adoption, Implementation and
  Development in Sub-Saharan Africa” 2019</xref>).</p>
        <p>This study should be different from both previous efforts.</p>
      </sec>
    </body>
    <back>
      <ref-list>
        <title>Bibliography</title>
        <ref id="ref-agbozoPersonalDataPrivacy2019-nb-1">
          <element-citation publication-type="chapter">
            <article-title>Personal Data and Privacy Barriers to E-Government Adoption, Implementation and Development in Sub-Saharan Africa</article-title>
            <source>Communications in Computer and Information Science</source>
            <publisher-name>Springer International Publishing</publisher-name>
            <publisher-loc>Cham</publisher-loc>
            <year iso-8601-date="2019">2019</year>
            <date-in-citation content-type="access-date">
              <year iso-8601-date="2025-07-17">2025</year>
              <month>07</month>
              <day>17</day>
            </date-in-citation>
            <isbn>978-3-030-13282-8 978-3-030-13283-5</isbn>
            <issn>1865-0929, 1865-0937</issn>
            <pub-id pub-id-type="doi">10.1007/978-3-030-13283-5_7</pub-id>
            <fpage>82</fpage>
            <lpage>91</lpage>
          </element-citation>
        </ref>
        <ref id="ref-arora2019general-nb-1">
          <element-citation publication-type="article-journal">
            <person-group person-group-type="author">
              <name>
                <surname>Arora</surname>
                <given-names>Payal</given-names>
              </name>
            </person-group>
            <article-title>General data protection regulation—A global standard? Privacy futures, digital activism, and surveillance cultures in the Global South</article-title>
            <source>Surveillance &amp; Society</source>
            <year iso-8601-date="2019">2019</year>
            <volume>17</volume>
            <issue>5</issue>
            <fpage>717</fpage>
            <lpage>725</lpage>
          </element-citation>
        </ref>
        <ref id="ref-aroraDecolonizingPrivacyStudies2019-nb-1">
          <element-citation publication-type="article-journal">
            <person-group person-group-type="author">
              <name>
                <surname>Arora</surname>
                <given-names>Payal</given-names>
              </name>
            </person-group>
            <article-title>Decolonizing Privacy Studies</article-title>
            <source>Television &amp; New Media</source>
            <publisher-name>SAGE Publications</publisher-name>
            <year iso-8601-date="2019-05">2019</year>
            <month>05</month>
            <date-in-citation content-type="access-date">
              <year iso-8601-date="2025-07-17">2025</year>
              <month>07</month>
              <day>17</day>
            </date-in-citation>
            <volume>20</volume>
            <issue>4</issue>
            <issn>1527-4764, 1552-8316</issn>
            <pub-id pub-id-type="doi">10.1177/1527476418806092</pub-id>
            <fpage>366</fpage>
            <lpage>378</lpage>
          </element-citation>
        </ref>
        <ref id="ref-bartschControlYourFacebook2016-nb-1">
          <element-citation publication-type="article-journal">
            <person-group person-group-type="author">
              <name>
                <surname>Bartsch</surname>
                <given-names>Miriam</given-names>
              </name>
              <name>
                <surname>Dienlin</surname>
                <given-names>Tobias</given-names>
              </name>
            </person-group>
            <article-title>Control your Facebook: An analysis of online privacy literacy</article-title>
            <source>Computers in Human Behavior</source>
            <year iso-8601-date="2016-03">2016</year>
            <month>03</month>
            <date-in-citation content-type="access-date">
              <year iso-8601-date="2025-07-16">2025</year>
              <month>07</month>
              <day>16</day>
            </date-in-citation>
            <volume>56</volume>
            <issn>0747-5632</issn>
            <pub-id pub-id-type="doi">10.1016/j.chb.2015.11.022</pub-id>
            <fpage>147</fpage>
            <lpage>154</lpage>
          </element-citation>
        </ref>
        <ref id="ref-galpayaZeroratingEmergingEconomies2017-nb-1">
          <element-citation publication-type="article-journal">
            <person-group person-group-type="author">
              <name>
                <surname>Galpaya</surname>
                <given-names>Helani</given-names>
              </name>
            </person-group>
            <article-title>Zero-rating in Emerging Economies</article-title>
            <year iso-8601-date="2017">2017</year>
          </element-citation>
        </ref>
        <ref id="ref-hanckeIntelligentResearchDesign2023-nb-1">
          <element-citation publication-type="book">
            <person-group person-group-type="author">
              <name>
                <surname>Hancké</surname>
                <given-names>Bob</given-names>
              </name>
            </person-group>
            <source>Intelligent research design: A guide for beginning researchers in the social sciences</source>
            <publisher-name>Oxford University Press</publisher-name>
            <publisher-loc>Oxford</publisher-loc>
            <year iso-8601-date="2023">2023</year>
            <isbn>978-0-19-957078-2 978-1-383-04654-0</isbn>
            <pub-id pub-id-type="doi">10.1093/oso/9780199570782.001.0001</pub-id>
          </element-citation>
        </ref>
        <ref id="ref-hartman2023privacy-nb-1">
          <element-citation publication-type="article-journal">
            <person-group person-group-type="author">
              <name>
                <surname>Hartman-Caverly</surname>
                <given-names>Sarah</given-names>
              </name>
              <name>
                <surname>Chisholm</surname>
                <given-names>Alexandria Edyn</given-names>
              </name>
            </person-group>
            <article-title>Privacy as respect for persons: Reimagining privacy literacy with the six private I’s privacy conceptual framework</article-title>
            <year iso-8601-date="2023">2023</year>
          </element-citation>
        </ref>
        <ref id="ref-herrmannObtainingPersonalData2016-nb-1">
          <element-citation>
            <person-group person-group-type="author">
              <name>
                <surname>Herrmann</surname>
                <given-names>Dominik</given-names>
              </name>
              <name>
                <surname>Lindemann</surname>
                <given-names>Jens</given-names>
              </name>
            </person-group>
            <article-title>Obtaining personal data and asking for erasure: Do app vendors and website owners honour your privacy rights?</article-title>
            <publisher-name>arXiv</publisher-name>
            <year iso-8601-date="2016-04">2016</year>
            <month>04</month>
            <date-in-citation content-type="access-date">
              <year iso-8601-date="2025-07-11">2025</year>
              <month>07</month>
              <day>11</day>
            </date-in-citation>
            <uri>https://arxiv.org/abs/1602.01804</uri>
            <pub-id pub-id-type="doi">10.48550/arXiv.1602.01804</pub-id>
          </element-citation>
        </ref>
        <ref id="ref-hummel2021data-nb-1">
          <element-citation publication-type="article-journal">
            <person-group person-group-type="author">
              <name>
                <surname>Hummel</surname>
                <given-names>Patrik</given-names>
              </name>
              <name>
                <surname>Braun</surname>
                <given-names>Matthias</given-names>
              </name>
              <name>
                <surname>Tretter</surname>
                <given-names>Max</given-names>
              </name>
              <name>
                <surname>Dabrock</surname>
                <given-names>Peter</given-names>
              </name>
            </person-group>
            <article-title>Data sovereignty: A review</article-title>
            <source>Big Data &amp; Society</source>
            <publisher-name>SAGE Publications Sage UK: London, England</publisher-name>
            <year iso-8601-date="2021">2021</year>
            <volume>8</volume>
            <issue>1</issue>
            <fpage>2053951720982012</fpage>
            <lpage/>
          </element-citation>
        </ref>
        <ref id="ref-IntroducingProjectLoon2013-nb-1">
          <element-citation>
            <article-title>Introducing Project Loon: Balloon-powered Internet access</article-title>
            <source>Google</source>
            <publisher-name>https://blog.google/alphabet/introducing-project-loon/</publisher-name>
            <year iso-8601-date="2013-06">2013</year>
            <month>06</month>
            <date-in-citation content-type="access-date">
              <year iso-8601-date="2025-07-10">2025</year>
              <month>07</month>
              <day>10</day>
            </date-in-citation>
          </element-citation>
        </ref>
        <ref id="ref-koltay2016data-nb-1">
          <element-citation publication-type="article-journal">
            <person-group person-group-type="author">
              <name>
                <surname>Koltay</surname>
                <given-names>Tibor</given-names>
              </name>
            </person-group>
            <article-title>Data governance, data literacy and the management of data quality</article-title>
            <source>IFLA journal</source>
            <publisher-name>Sage Publications Sage UK: London, England</publisher-name>
            <year iso-8601-date="2016">2016</year>
            <volume>42</volume>
            <issue>4</issue>
            <fpage>303</fpage>
            <lpage>312</lpage>
          </element-citation>
        </ref>
        <ref id="ref-layton2016free-nb-1">
          <element-citation publication-type="paper-conference">
            <person-group person-group-type="author">
              <name>
                <surname>Layton</surname>
                <given-names>Roslyn</given-names>
              </name>
              <name>
                <surname>Elaluf-Calderwood</surname>
                <given-names>Silvia</given-names>
              </name>
            </person-group>
            <article-title>Free basics research paper: Zero rating, free data, and use cases in mhealth, local content and service development, and ICT4D policymaking</article-title>
            <publisher-name>TPRC</publisher-name>
            <year iso-8601-date="2016">2016</year>
          </element-citation>
        </ref>
        <ref id="ref-MetaConnectivity-nb-1">
          <element-citation>
            <article-title>Meta Connectivity</article-title>
            <publisher-name>https://www.facebook.com/connectivity/solutions/free-basics/</publisher-name>
            <date-in-citation content-type="access-date">
              <year iso-8601-date="2025-07-10">2025</year>
              <month>07</month>
              <day>10</day>
            </date-in-citation>
          </element-citation>
        </ref>
        <ref id="ref-prinslooDataPrivacyAfrican2022-nb-1">
          <element-citation publication-type="article-journal">
            <person-group person-group-type="author">
              <name>
                <surname>Prinsloo</surname>
                <given-names>Paul</given-names>
              </name>
              <name>
                <surname>Kaliisa</surname>
                <given-names>Rogers</given-names>
              </name>
            </person-group>
            <article-title>Data privacy on the African continent: Opportunities, challenges and implications for learning analytics</article-title>
            <source>British Journal of Educational Technology</source>
            <year iso-8601-date="2022">2022</year>
            <date-in-citation content-type="access-date">
              <year iso-8601-date="2025-07-17">2025</year>
              <month>07</month>
              <day>17</day>
            </date-in-citation>
            <volume>53</volume>
            <issue>4</issue>
            <issn>1467-8535</issn>
            <pub-id pub-id-type="doi">10.1111/bjet.13226</pub-id>
            <fpage>894</fpage>
            <lpage>913</lpage>
          </element-citation>
        </ref>
        <ref id="ref-rotman2009you-nb-1">
          <element-citation publication-type="article-journal">
            <person-group person-group-type="author">
              <name>
                <surname>Rotman</surname>
                <given-names>Dana</given-names>
              </name>
            </person-group>
            <article-title>Are you looking at me?-Social media and privacy literacy</article-title>
            <year iso-8601-date="2009">2009</year>
          </element-citation>
        </ref>
        <ref id="ref-senFreeBridgeDigital2016-nb-1">
          <element-citation publication-type="paper-conference">
            <person-group person-group-type="author">
              <name>
                <surname>Sen</surname>
                <given-names>Rijurekha</given-names>
              </name>
              <name>
                <surname>Pirzada</surname>
                <given-names>Hasnain Ali</given-names>
              </name>
              <name>
                <surname>Phokeer</surname>
                <given-names>Amreesh</given-names>
              </name>
              <name>
                <surname>Farooq</surname>
                <given-names>Zaid Ahmed</given-names>
              </name>
              <name>
                <surname>Sengupta</surname>
                <given-names>Satadal</given-names>
              </name>
              <name>
                <surname>Choffnes</surname>
                <given-names>David</given-names>
              </name>
              <name>
                <surname>Gummadi</surname>
                <given-names>Krishna P.</given-names>
              </name>
            </person-group>
            <article-title>On the Free Bridge Across the Digital Divide: Assessing the Quality of Facebook’s Free Basics Service</article-title>
            <source>Proceedings of the 2016 Internet Measurement Conference</source>
            <publisher-name>ACM</publisher-name>
            <publisher-loc>Santa Monica California USA</publisher-loc>
            <year iso-8601-date="2016-11">2016</year>
            <month>11</month>
            <date-in-citation content-type="access-date">
              <year iso-8601-date="2025-07-16">2025</year>
              <month>07</month>
              <day>16</day>
            </date-in-citation>
            <pub-id pub-id-type="doi">10.1145/2987443.2987485</pub-id>
            <fpage>127</fpage>
            <lpage>133</lpage>
          </element-citation>
        </ref>
        <ref id="ref-senWalledGardenDeconstructing2017-nb-1">
          <element-citation publication-type="article-journal">
            <person-group person-group-type="author">
              <name>
                <surname>Sen</surname>
                <given-names>Rijurekha</given-names>
              </name>
              <name>
                <surname>Ahmad</surname>
                <given-names>Sohaib</given-names>
              </name>
              <name>
                <surname>Phokeer</surname>
                <given-names>Amreesh</given-names>
              </name>
              <name>
                <surname>Farooq</surname>
                <given-names>Zaid Ahmed</given-names>
              </name>
              <name>
                <surname>Qazi</surname>
                <given-names>Ihsan Ayyub</given-names>
              </name>
              <name>
                <surname>Choffnes</surname>
                <given-names>David</given-names>
              </name>
              <name>
                <surname>Gummadi</surname>
                <given-names>Krishna P.</given-names>
              </name>
            </person-group>
            <article-title>Inside the Walled Garden: Deconstructing Facebook’s Free Basics Program</article-title>
            <source>ACM SIGCOMM Computer Communication Review</source>
            <publisher-name>Association for Computing Machinery (ACM)</publisher-name>
            <year iso-8601-date="2017-10">2017</year>
            <month>10</month>
            <date-in-citation content-type="access-date">
              <year iso-8601-date="2025-07-16">2025</year>
              <month>07</month>
              <day>16</day>
            </date-in-citation>
            <volume>47</volume>
            <issue>5</issue>
            <issn>0146-4833</issn>
            <pub-id pub-id-type="doi">10.1145/3155055.3155058</pub-id>
            <fpage>12</fpage>
            <lpage>24</lpage>
          </element-citation>
        </ref>
        <ref id="ref-sovacoolPromotingNoveltyRigor2018-nb-1">
          <element-citation publication-type="article-journal">
            <person-group person-group-type="author">
              <name>
                <surname>Sovacool</surname>
                <given-names>Benjamin K.</given-names>
              </name>
              <name>
                <surname>Axsen</surname>
                <given-names>Jonn</given-names>
              </name>
              <name>
                <surname>Sorrell</surname>
                <given-names>Steve</given-names>
              </name>
            </person-group>
            <article-title>Promoting novelty, rigor, and style in energy social science: Towards codes of practice for appropriate methods and research design</article-title>
            <source>Energy Research &amp; Social Science</source>
            <year iso-8601-date="2018-11">2018</year>
            <month>11</month>
            <date-in-citation content-type="access-date">
              <year iso-8601-date="2025-07-15">2025</year>
              <month>07</month>
              <day>15</day>
            </date-in-citation>
            <volume>45</volume>
            <issn>2214-6296</issn>
            <pub-id pub-id-type="doi">10.1016/j.erss.2018.07.007</pub-id>
            <fpage>12</fpage>
            <lpage>42</lpage>
          </element-citation>
        </ref>
        <ref id="ref-wernerfeltEstimatingValueOffsite2025-nb-1">
          <element-citation publication-type="article-journal">
            <person-group person-group-type="author">
              <name>
                <surname>Wernerfelt</surname>
                <given-names>Nils</given-names>
              </name>
              <name>
                <surname>Tuchman</surname>
                <given-names>Anna</given-names>
              </name>
              <name>
                <surname>Shapiro</surname>
                <given-names>Bradley T.</given-names>
              </name>
              <name>
                <surname>Moakler</surname>
                <given-names>Robert</given-names>
              </name>
            </person-group>
            <article-title>Estimating the Value of Offsite Tracking Data to Advertisers: Evidence from Meta</article-title>
            <source>Marketing Science</source>
            <publisher-name>INFORMS</publisher-name>
            <year iso-8601-date="2025-03">2025</year>
            <month>03</month>
            <date-in-citation content-type="access-date">
              <year iso-8601-date="2025-07-16">2025</year>
              <month>07</month>
              <day>16</day>
            </date-in-citation>
            <volume>44</volume>
            <issue>2</issue>
            <issn>0732-2399</issn>
            <pub-id pub-id-type="doi">10.1287/mksc.2023.0274</pub-id>
            <fpage>268</fpage>
            <lpage>286</lpage>
          </element-citation>
        </ref>
      </ref-list>
    </back>
  </sub-article>
</article>
