<?xml version="1.0" encoding="UTF-8"?>
<!DOCTYPE manifest PUBLIC "-//MECA//DTD Manifest v1.0//en" "MECA_manifest.dtd">
<manifest manifest-version="1" xmlns="https://manuscriptexchange.org/schema/manifest" xmlns:xlink="http://www.w3.org/1999/xlink">
  <item item-type="article-metadata">
    <instance media-type="text/xml" xlink:href="index.xml"/>
  </item>
  <item item-type="manuscript">
    <instance media-type="application/vnd.openxmlformats-officedocument.wordprocessingml.document" xlink:href="index.docx"/>
  </item>
  <item item-type="manuscript-supporting-file">
    <instance media-type="application/octet-stream" xlink:href="notes.qmd"/>
  </item>
  <item item-type="manuscript-supporting-file">
    <instance media-type="application/octet-stream" xlink:href="research-questions.qmd"/>
  </item>
  <item item-type="manuscript-supporting-file">
    <instance media-type="application/octet-stream" xlink:href="pattern-proposal.qmd"/>
  </item>
  <item item-type="manuscript-supporting-file">
    <instance media-type="application/octet-stream" xlink:href="pattern-mapping-systems-of-hope.qmd"/>
  </item>
  <item item-type="article-source">
    <instance media-type="application/octet-stream" xlink:href="source/.github/workflows/static.yml"/>
  </item>
  <item item-type="article-source">
    <instance media-type="application/octet-stream" xlink:href="source/.gitignore"/>
  </item>
  <item item-type="article-source">
    <instance media-type="application/vnd.openxmlformats-officedocument.wordprocessingml.document" xlink:href="source/_manuscript/index.docx"/>
  </item>
  <item item-type="article-source">
    <instance media-type="text/html" xlink:href="source/_manuscript/index.html"/>
  </item>
  <item item-type="article-source">
    <instance media-type="text/xml" xlink:href="source/_manuscript/index.xml"/>
  </item>
  <item item-type="article-source">
    <instance media-type="text/html" xlink:href="source/_manuscript/notes-preview.html"/>
  </item>
  <item item-type="article-source">
    <instance media-type="application/x-ipynb+json" xlink:href="source/_manuscript/notes.embed.ipynb"/>
  </item>
  <item item-type="article-source">
    <instance media-type="application/x-ipynb+json" xlink:href="source/_manuscript/notes.out.ipynb"/>
  </item>
  <item item-type="article-source">
    <instance media-type="application/octet-stream" xlink:href="source/_manuscript/notes.qmd"/>
  </item>
  <item item-type="article-source">
    <instance media-type="text/html" xlink:href="source/_manuscript/pattern-mapping-systems-of-hope-preview.html"/>
  </item>
  <item item-type="article-source">
    <instance media-type="application/x-ipynb+json" xlink:href="source/_manuscript/pattern-mapping-systems-of-hope.out.ipynb"/>
  </item>
  <item item-type="article-source">
    <instance media-type="application/octet-stream" xlink:href="source/_manuscript/pattern-mapping-systems-of-hope.qmd"/>
  </item>
  <item item-type="article-source">
    <instance media-type="text/html" xlink:href="source/_manuscript/pattern-proposal-preview.html"/>
  </item>
  <item item-type="article-source">
    <instance media-type="application/x-ipynb+json" xlink:href="source/_manuscript/pattern-proposal.embed.ipynb"/>
  </item>
  <item item-type="article-source">
    <instance media-type="application/x-ipynb+json" xlink:href="source/_manuscript/pattern-proposal.out.ipynb"/>
  </item>
  <item item-type="article-source">
    <instance media-type="application/octet-stream" xlink:href="source/_manuscript/pattern-proposal.qmd"/>
  </item>
  <item item-type="article-source">
    <instance media-type="text/html" xlink:href="source/_manuscript/research-questions-preview.html"/>
  </item>
  <item item-type="article-source">
    <instance media-type="application/x-ipynb+json" xlink:href="source/_manuscript/research-questions.out.ipynb"/>
  </item>
  <item item-type="article-source">
    <instance media-type="application/octet-stream" xlink:href="source/_manuscript/research-questions.qmd"/>
  </item>
  <item item-type="article-source">
    <instance media-type="text/css" xlink:href="source/_manuscript/site_libs/bootstrap/bootstrap-1e88714d45e3e51bb75508ed12523a5e.min.css"/>
  </item>
  <item item-type="article-source">
    <instance media-type="text/css" xlink:href="source/_manuscript/site_libs/bootstrap/bootstrap-8a894fcc3cb5e37eb5bf30def131be2f.min.css"/>
  </item>
  <item item-type="article-source">
    <instance media-type="text/css" xlink:href="source/_manuscript/site_libs/bootstrap/bootstrap-icons.css"/>
  </item>
  <item item-type="article-source">
    <instance media-type="application/font-woff" xlink:href="source/_manuscript/site_libs/bootstrap/bootstrap-icons.woff"/>
  </item>
  <item item-type="article-source">
    <instance media-type="application/javascript" xlink:href="source/_manuscript/site_libs/bootstrap/bootstrap.min.js"/>
  </item>
  <item item-type="article-source">
    <instance media-type="application/javascript" xlink:href="source/_manuscript/site_libs/clipboard/clipboard.min.js"/>
  </item>
  <item item-type="article-source">
    <instance media-type="application/javascript" xlink:href="source/_manuscript/site_libs/manuscript-notebook/headroom.min.js"/>
  </item>
  <item item-type="article-source">
    <instance media-type="application/javascript" xlink:href="source/_manuscript/site_libs/quarto-html/anchor.min.js"/>
  </item>
  <item item-type="article-source">
    <instance media-type="application/javascript" xlink:href="source/_manuscript/site_libs/quarto-html/popper.min.js"/>
  </item>
  <item item-type="article-source">
    <instance media-type="text/css" xlink:href="source/_manuscript/site_libs/quarto-html/quarto-syntax-highlighting-37eea08aefeeee20ff55810ff984fec1.css"/>
  </item>
  <item item-type="article-source">
    <instance media-type="application/javascript" xlink:href="source/_manuscript/site_libs/quarto-html/quarto.js"/>
  </item>
  <item item-type="article-source">
    <instance media-type="application/javascript" xlink:href="source/_manuscript/site_libs/quarto-html/tabsets/tabsets.js"/>
  </item>
  <item item-type="article-source">
    <instance media-type="text/css" xlink:href="source/_manuscript/site_libs/quarto-html/tippy.css"/>
  </item>
  <item item-type="article-source">
    <instance media-type="application/javascript" xlink:href="source/_manuscript/site_libs/quarto-html/tippy.umd.min.js"/>
  </item>
  <item item-type="article-source">
    <instance media-type="application/octet-stream" xlink:href="source/_quarto.yml"/>
  </item>
  <item item-type="article-source">
    <instance media-type="application/octet-stream" xlink:href="source/index.qmd"/>
  </item>
  <item item-type="article-source">
    <instance media-type="application/octet-stream" xlink:href="source/notes.qmd"/>
  </item>
  <item item-type="article-source">
    <instance media-type="application/octet-stream" xlink:href="source/pattern-mapping-systems-of-hope.qmd"/>
  </item>
  <item item-type="article-source">
    <instance media-type="application/octet-stream" xlink:href="source/pattern-proposal.qmd"/>
  </item>
  <item item-type="article-source">
    <instance media-type="application/octet-stream" xlink:href="source/references.bib"/>
  </item>
  <item item-type="article-source">
    <instance media-type="application/octet-stream" xlink:href="source/research-questions.qmd"/>
  </item>
  <item item-type="article-source-directory">
    <instance media-type="application/x-directory" xlink:href="source"/>
  </item>
</manifest>